,title,views
0,제작진놈들의 계속되는 캠핑 강행군에 탈출을 시도하는 도시러버 백종원의 모습입니다,조회수 9.3만회
1,명란대첩 │ 나에게는 아직 12개의 명란이 남아 있쥬~ 부럽쥬?,조회수 12만회
2,백종원 광고 단가 수준,조회수 82만회
3,초코파이탕,조회수 13만회
4,"방년 11세 소년 백종원, 고등어통조림조림을 만들다",조회수 7.3만회
5,"무한동력, 드디어 발견했다! 무한정 들어가는 하이볼+명란 구이로 완성한 무한 음주 공식!",조회수 22만회
6,밥 먹고 바로 빵 먹기 가능? 제대로 끝장 보는 백종원식 풀소유 캠핑 먹부림!,조회수 9만회
7,집종원은 사실 캠핑이 체질? 나 분명 캠핑 싫어하는데 왜 이렇게 잘해!,조회수 15만회
8,나이트에서 짝 찾으려다 맥주만 짝으로 먹고 온 썰,조회수 12만회
9,🦆: 여보 여기 있던 내 알 못 봤어요?│메추리알 장조림,조회수 22만회
10,백종원식 불먹,조회수 76만회
11,🍅케첩이 된 멋쟁이 토마토! 나폴리탄으로 업그레이드해줬습니다!🍅,조회수 12만회
12,오늘따라 야장 가고 싶네... 청양고추 잔뜩 넣은 번데기탕에 감귤 향 터지는 미상 한 병? 오늘 나 집에 안 가!,조회수 8.8만회
13,[제1회 주주총회_EP.3]드디어 증류주 먹는다!🍶 자기야! 내가 원했던 게 이거자나!🙌 취기를 빌려 고백하는 주당들의 술 취향까지😚,조회수 4.9만회
14,[모집 공고] 우리 장사 이야기로 소통 좀 할까요?,조회수 6.9만회
15,단돈 2천원으로 방구석 피서! 다람이 거🐹 도토리🌰 뺏어 만든 쿨내 폴폴❄ 묵사발,조회수 26만회
16,백종원 방송 역사상 가장 힘들었던 프로그램,조회수 28만회
17,92년... 아마 그때 우린 뽀글이에 미쳤었죠,조회수 34만회
18,[제1회 주주총회_EP.2] 팬톤 선정 올해의 컬러 '막걸리 레드'🍓 인★갬성 제대로 즐기는 새콤달콤오색 막걸리 PARTY!🎉,조회수 4.5만회
19,21살 종원의 최애 영화(므흣) #shorts,조회수 26만회
20,세상에서 게맛살 제일 맛있게 먹는 법!(TIP. 에어프라이어로 불맛 내기),조회수 23만회
21,[제1회 주주총회_EP.1] 체내 알코올 농도 100% 주당들의 잔망 넘치는 전통주 시음기,조회수 10만회
22,내가 엘든링 7번 깬 비법,조회수 353만회
23,『흑종원 박제』 좋아요를 눌러 JOY를 표하십시오,조회수 18만회
24,우유 크림 파스타 만들어서 먹어볼 도전자를 찾습니다.,조회수 14만회
25,와우 밥장사로 날리던 백종원이 요즘 하는 게임(결정동굴 이벤트 상품 공개) #shorts,조회수 25만회
26,[바종원 생방송 Full ver.]술자리를 함께 하지 못한 팀원 분들을 위하여,조회수 36만회
27,백종원과 한잔 하실 분 구해유🍺 생방송 실시간 술먹방 예고!,조회수 6.4만회
28,콩나물 해장국이 먼저냐 수란이 먼저냐? 아무튼 술 숙취엔 이거 두 개 먹고 시작입니다,조회수 24만회
29,참치김치찌개 끓이기 전에 '이거' 같이 안 해 먹으면 손해!,조회수 49만회
30,제작진놈들의 계속되는 캠핑 강행군에 탈출을 시도하는 도시러버 백종원의 모습입니다,조회수 9.3만회
31,명란대첩 │ 나에게는 아직 12개의 명란이 남아 있쥬~ 부럽쥬?,조회수 12만회
32,백종원 광고 단가 수준,조회수 82만회
33,초코파이탕,조회수 13만회
34,"방년 11세 소년 백종원, 고등어통조림조림을 만들다",조회수 7.3만회
35,"무한동력, 드디어 발견했다! 무한정 들어가는 하이볼+명란 구이로 완성한 무한 음주 공식!",조회수 22만회
36,밥 먹고 바로 빵 먹기 가능? 제대로 끝장 보는 백종원식 풀소유 캠핑 먹부림!,조회수 9만회
37,집종원은 사실 캠핑이 체질? 나 분명 캠핑 싫어하는데 왜 이렇게 잘해!,조회수 15만회
38,나이트에서 짝 찾으려다 맥주만 짝으로 먹고 온 썰,조회수 12만회
39,🦆: 여보 여기 있던 내 알 못 봤어요?│메추리알 장조림,조회수 22만회
40,백종원식 불먹,조회수 76만회
41,🍅케첩이 된 멋쟁이 토마토! 나폴리탄으로 업그레이드해줬습니다!🍅,조회수 12만회
42,오늘따라 야장 가고 싶네... 청양고추 잔뜩 넣은 번데기탕에 감귤 향 터지는 미상 한 병? 오늘 나 집에 안 가!,조회수 8.8만회
43,[제1회 주주총회_EP.3]드디어 증류주 먹는다!🍶 자기야! 내가 원했던 게 이거자나!🙌 취기를 빌려 고백하는 주당들의 술 취향까지😚,조회수 4.9만회
44,[모집 공고] 우리 장사 이야기로 소통 좀 할까요?,조회수 6.9만회
45,단돈 2천원으로 방구석 피서! 다람이 거🐹 도토리🌰 뺏어 만든 쿨내 폴폴❄ 묵사발,조회수 26만회
46,백종원 방송 역사상 가장 힘들었던 프로그램,조회수 28만회
47,92년... 아마 그때 우린 뽀글이에 미쳤었죠,조회수 34만회
48,[제1회 주주총회_EP.2] 팬톤 선정 올해의 컬러 '막걸리 레드'🍓 인★갬성 제대로 즐기는 새콤달콤오색 막걸리 PARTY!🎉,조회수 4.5만회
49,21살 종원의 최애 영화(므흣) #shorts,조회수 26만회
50,세상에서 게맛살 제일 맛있게 먹는 법!(TIP. 에어프라이어로 불맛 내기),조회수 23만회
51,[제1회 주주총회_EP.1] 체내 알코올 농도 100% 주당들의 잔망 넘치는 전통주 시음기,조회수 10만회
52,내가 엘든링 7번 깬 비법,조회수 353만회
53,『흑종원 박제』 좋아요를 눌러 JOY를 표하십시오,조회수 18만회
54,우유 크림 파스타 만들어서 먹어볼 도전자를 찾습니다.,조회수 14만회
55,와우 밥장사로 날리던 백종원이 요즘 하는 게임(결정동굴 이벤트 상품 공개) #shorts,조회수 25만회
56,[바종원 생방송 Full ver.]술자리를 함께 하지 못한 팀원 분들을 위하여,조회수 36만회
57,백종원과 한잔 하실 분 구해유🍺 생방송 실시간 술먹방 예고!,조회수 6.4만회
58,콩나물 해장국이 먼저냐 수란이 먼저냐? 아무튼 술 숙취엔 이거 두 개 먹고 시작입니다,조회수 24만회
59,참치김치찌개 끓이기 전에 '이거' 같이 안 해 먹으면 손해!,조회수 49만회
60,제작진놈들의 계속되는 캠핑 강행군에 탈출을 시도하는 도시러버 백종원의 모습입니다,조회수 9.3만회
61,명란대첩 │ 나에게는 아직 12개의 명란이 남아 있쥬~ 부럽쥬?,조회수 12만회
62,백종원 광고 단가 수준,조회수 82만회
63,초코파이탕,조회수 13만회
64,"방년 11세 소년 백종원, 고등어통조림조림을 만들다",조회수 7.3만회
65,"무한동력, 드디어 발견했다! 무한정 들어가는 하이볼+명란 구이로 완성한 무한 음주 공식!",조회수 22만회
66,밥 먹고 바로 빵 먹기 가능? 제대로 끝장 보는 백종원식 풀소유 캠핑 먹부림!,조회수 9만회
67,집종원은 사실 캠핑이 체질? 나 분명 캠핑 싫어하는데 왜 이렇게 잘해!,조회수 15만회
68,나이트에서 짝 찾으려다 맥주만 짝으로 먹고 온 썰,조회수 12만회
69,🦆: 여보 여기 있던 내 알 못 봤어요?│메추리알 장조림,조회수 22만회
70,백종원식 불먹,조회수 76만회
71,🍅케첩이 된 멋쟁이 토마토! 나폴리탄으로 업그레이드해줬습니다!🍅,조회수 12만회
72,오늘따라 야장 가고 싶네... 청양고추 잔뜩 넣은 번데기탕에 감귤 향 터지는 미상 한 병? 오늘 나 집에 안 가!,조회수 8.8만회
73,[제1회 주주총회_EP.3]드디어 증류주 먹는다!🍶 자기야! 내가 원했던 게 이거자나!🙌 취기를 빌려 고백하는 주당들의 술 취향까지😚,조회수 4.9만회
74,[모집 공고] 우리 장사 이야기로 소통 좀 할까요?,조회수 6.9만회
75,단돈 2천원으로 방구석 피서! 다람이 거🐹 도토리🌰 뺏어 만든 쿨내 폴폴❄ 묵사발,조회수 26만회
76,백종원 방송 역사상 가장 힘들었던 프로그램,조회수 28만회
77,92년... 아마 그때 우린 뽀글이에 미쳤었죠,조회수 34만회
78,[제1회 주주총회_EP.2] 팬톤 선정 올해의 컬러 '막걸리 레드'🍓 인★갬성 제대로 즐기는 새콤달콤오색 막걸리 PARTY!🎉,조회수 4.5만회
79,21살 종원의 최애 영화(므흣) #shorts,조회수 26만회
80,세상에서 게맛살 제일 맛있게 먹는 법!(TIP. 에어프라이어로 불맛 내기),조회수 23만회
81,[제1회 주주총회_EP.1] 체내 알코올 농도 100% 주당들의 잔망 넘치는 전통주 시음기,조회수 10만회
82,내가 엘든링 7번 깬 비법,조회수 353만회
83,『흑종원 박제』 좋아요를 눌러 JOY를 표하십시오,조회수 18만회
84,우유 크림 파스타 만들어서 먹어볼 도전자를 찾습니다.,조회수 14만회
85,와우 밥장사로 날리던 백종원이 요즘 하는 게임(결정동굴 이벤트 상품 공개) #shorts,조회수 25만회
86,[바종원 생방송 Full ver.]술자리를 함께 하지 못한 팀원 분들을 위하여,조회수 36만회
87,백종원과 한잔 하실 분 구해유🍺 생방송 실시간 술먹방 예고!,조회수 6.4만회
88,콩나물 해장국이 먼저냐 수란이 먼저냐? 아무튼 술 숙취엔 이거 두 개 먹고 시작입니다,조회수 24만회
89,참치김치찌개 끓이기 전에 '이거' 같이 안 해 먹으면 손해!,조회수 49만회
90,제작진놈들의 계속되는 캠핑 강행군에 탈출을 시도하는 도시러버 백종원의 모습입니다,조회수 9.3만회
91,명란대첩 │ 나에게는 아직 12개의 명란이 남아 있쥬~ 부럽쥬?,조회수 12만회
92,백종원 광고 단가 수준,조회수 82만회
93,초코파이탕,조회수 13만회
94,"방년 11세 소년 백종원, 고등어통조림조림을 만들다",조회수 7.3만회
95,"무한동력, 드디어 발견했다! 무한정 들어가는 하이볼+명란 구이로 완성한 무한 음주 공식!",조회수 22만회
96,밥 먹고 바로 빵 먹기 가능? 제대로 끝장 보는 백종원식 풀소유 캠핑 먹부림!,조회수 9만회
97,집종원은 사실 캠핑이 체질? 나 분명 캠핑 싫어하는데 왜 이렇게 잘해!,조회수 15만회
98,나이트에서 짝 찾으려다 맥주만 짝으로 먹고 온 썰,조회수 12만회
99,🦆: 여보 여기 있던 내 알 못 봤어요?│메추리알 장조림,조회수 22만회
100,백종원식 불먹,조회수 76만회
101,🍅케첩이 된 멋쟁이 토마토! 나폴리탄으로 업그레이드해줬습니다!🍅,조회수 12만회
102,오늘따라 야장 가고 싶네... 청양고추 잔뜩 넣은 번데기탕에 감귤 향 터지는 미상 한 병? 오늘 나 집에 안 가!,조회수 8.8만회
103,[제1회 주주총회_EP.3]드디어 증류주 먹는다!🍶 자기야! 내가 원했던 게 이거자나!🙌 취기를 빌려 고백하는 주당들의 술 취향까지😚,조회수 4.9만회
104,[모집 공고] 우리 장사 이야기로 소통 좀 할까요?,조회수 6.9만회
105,단돈 2천원으로 방구석 피서! 다람이 거🐹 도토리🌰 뺏어 만든 쿨내 폴폴❄ 묵사발,조회수 26만회
106,백종원 방송 역사상 가장 힘들었던 프로그램,조회수 28만회
107,92년... 아마 그때 우린 뽀글이에 미쳤었죠,조회수 34만회
108,[제1회 주주총회_EP.2] 팬톤 선정 올해의 컬러 '막걸리 레드'🍓 인★갬성 제대로 즐기는 새콤달콤오색 막걸리 PARTY!🎉,조회수 4.5만회
109,21살 종원의 최애 영화(므흣) #shorts,조회수 26만회
110,세상에서 게맛살 제일 맛있게 먹는 법!(TIP. 에어프라이어로 불맛 내기),조회수 23만회
111,[제1회 주주총회_EP.1] 체내 알코올 농도 100% 주당들의 잔망 넘치는 전통주 시음기,조회수 10만회
112,내가 엘든링 7번 깬 비법,조회수 353만회
113,『흑종원 박제』 좋아요를 눌러 JOY를 표하십시오,조회수 18만회
114,우유 크림 파스타 만들어서 먹어볼 도전자를 찾습니다.,조회수 14만회
115,와우 밥장사로 날리던 백종원이 요즘 하는 게임(결정동굴 이벤트 상품 공개) #shorts,조회수 25만회
116,[바종원 생방송 Full ver.]술자리를 함께 하지 못한 팀원 분들을 위하여,조회수 36만회
117,백종원과 한잔 하실 분 구해유🍺 생방송 실시간 술먹방 예고!,조회수 6.4만회
118,콩나물 해장국이 먼저냐 수란이 먼저냐? 아무튼 술 숙취엔 이거 두 개 먹고 시작입니다,조회수 24만회
119,참치김치찌개 끓이기 전에 '이거' 같이 안 해 먹으면 손해!,조회수 49만회
120,제작진놈들의 계속되는 캠핑 강행군에 탈출을 시도하는 도시러버 백종원의 모습입니다,조회수 9.3만회
121,명란대첩 │ 나에게는 아직 12개의 명란이 남아 있쥬~ 부럽쥬?,조회수 12만회
122,백종원 광고 단가 수준,조회수 82만회
123,초코파이탕,조회수 13만회
124,"방년 11세 소년 백종원, 고등어통조림조림을 만들다",조회수 7.3만회
125,"무한동력, 드디어 발견했다! 무한정 들어가는 하이볼+명란 구이로 완성한 무한 음주 공식!",조회수 22만회
126,밥 먹고 바로 빵 먹기 가능? 제대로 끝장 보는 백종원식 풀소유 캠핑 먹부림!,조회수 9만회
127,집종원은 사실 캠핑이 체질? 나 분명 캠핑 싫어하는데 왜 이렇게 잘해!,조회수 15만회
128,나이트에서 짝 찾으려다 맥주만 짝으로 먹고 온 썰,조회수 12만회
129,🦆: 여보 여기 있던 내 알 못 봤어요?│메추리알 장조림,조회수 22만회
130,백종원식 불먹,조회수 76만회
131,🍅케첩이 된 멋쟁이 토마토! 나폴리탄으로 업그레이드해줬습니다!🍅,조회수 12만회
132,오늘따라 야장 가고 싶네... 청양고추 잔뜩 넣은 번데기탕에 감귤 향 터지는 미상 한 병? 오늘 나 집에 안 가!,조회수 8.8만회
133,[제1회 주주총회_EP.3]드디어 증류주 먹는다!🍶 자기야! 내가 원했던 게 이거자나!🙌 취기를 빌려 고백하는 주당들의 술 취향까지😚,조회수 4.9만회
134,[모집 공고] 우리 장사 이야기로 소통 좀 할까요?,조회수 6.9만회
135,단돈 2천원으로 방구석 피서! 다람이 거🐹 도토리🌰 뺏어 만든 쿨내 폴폴❄ 묵사발,조회수 26만회
136,백종원 방송 역사상 가장 힘들었던 프로그램,조회수 28만회
137,92년... 아마 그때 우린 뽀글이에 미쳤었죠,조회수 34만회
138,[제1회 주주총회_EP.2] 팬톤 선정 올해의 컬러 '막걸리 레드'🍓 인★갬성 제대로 즐기는 새콤달콤오색 막걸리 PARTY!🎉,조회수 4.5만회
139,21살 종원의 최애 영화(므흣) #shorts,조회수 26만회
140,세상에서 게맛살 제일 맛있게 먹는 법!(TIP. 에어프라이어로 불맛 내기),조회수 23만회
141,[제1회 주주총회_EP.1] 체내 알코올 농도 100% 주당들의 잔망 넘치는 전통주 시음기,조회수 10만회
142,내가 엘든링 7번 깬 비법,조회수 353만회
143,『흑종원 박제』 좋아요를 눌러 JOY를 표하십시오,조회수 18만회
144,우유 크림 파스타 만들어서 먹어볼 도전자를 찾습니다.,조회수 14만회
145,와우 밥장사로 날리던 백종원이 요즘 하는 게임(결정동굴 이벤트 상품 공개) #shorts,조회수 25만회
146,[바종원 생방송 Full ver.]술자리를 함께 하지 못한 팀원 분들을 위하여,조회수 36만회
147,백종원과 한잔 하실 분 구해유🍺 생방송 실시간 술먹방 예고!,조회수 6.4만회
148,콩나물 해장국이 먼저냐 수란이 먼저냐? 아무튼 술 숙취엔 이거 두 개 먹고 시작입니다,조회수 24만회
149,참치김치찌개 끓이기 전에 '이거' 같이 안 해 먹으면 손해!,조회수 49만회
150,제작진놈들의 계속되는 캠핑 강행군에 탈출을 시도하는 도시러버 백종원의 모습입니다,조회수 9.3만회
151,명란대첩 │ 나에게는 아직 12개의 명란이 남아 있쥬~ 부럽쥬?,조회수 12만회
152,백종원 광고 단가 수준,조회수 82만회
153,초코파이탕,조회수 13만회
154,"방년 11세 소년 백종원, 고등어통조림조림을 만들다",조회수 7.3만회
155,"무한동력, 드디어 발견했다! 무한정 들어가는 하이볼+명란 구이로 완성한 무한 음주 공식!",조회수 22만회
156,밥 먹고 바로 빵 먹기 가능? 제대로 끝장 보는 백종원식 풀소유 캠핑 먹부림!,조회수 9만회
157,집종원은 사실 캠핑이 체질? 나 분명 캠핑 싫어하는데 왜 이렇게 잘해!,조회수 15만회
158,나이트에서 짝 찾으려다 맥주만 짝으로 먹고 온 썰,조회수 12만회
159,🦆: 여보 여기 있던 내 알 못 봤어요?│메추리알 장조림,조회수 22만회
160,백종원식 불먹,조회수 76만회
161,🍅케첩이 된 멋쟁이 토마토! 나폴리탄으로 업그레이드해줬습니다!🍅,조회수 12만회
162,오늘따라 야장 가고 싶네... 청양고추 잔뜩 넣은 번데기탕에 감귤 향 터지는 미상 한 병? 오늘 나 집에 안 가!,조회수 8.8만회
163,[제1회 주주총회_EP.3]드디어 증류주 먹는다!🍶 자기야! 내가 원했던 게 이거자나!🙌 취기를 빌려 고백하는 주당들의 술 취향까지😚,조회수 4.9만회
164,[모집 공고] 우리 장사 이야기로 소통 좀 할까요?,조회수 6.9만회
165,단돈 2천원으로 방구석 피서! 다람이 거🐹 도토리🌰 뺏어 만든 쿨내 폴폴❄ 묵사발,조회수 26만회
166,백종원 방송 역사상 가장 힘들었던 프로그램,조회수 28만회
167,92년... 아마 그때 우린 뽀글이에 미쳤었죠,조회수 34만회
168,[제1회 주주총회_EP.2] 팬톤 선정 올해의 컬러 '막걸리 레드'🍓 인★갬성 제대로 즐기는 새콤달콤오색 막걸리 PARTY!🎉,조회수 4.5만회
169,21살 종원의 최애 영화(므흣) #shorts,조회수 26만회
170,세상에서 게맛살 제일 맛있게 먹는 법!(TIP. 에어프라이어로 불맛 내기),조회수 23만회
171,[제1회 주주총회_EP.1] 체내 알코올 농도 100% 주당들의 잔망 넘치는 전통주 시음기,조회수 10만회
172,내가 엘든링 7번 깬 비법,조회수 353만회
173,『흑종원 박제』 좋아요를 눌러 JOY를 표하십시오,조회수 18만회
174,우유 크림 파스타 만들어서 먹어볼 도전자를 찾습니다.,조회수 14만회
175,와우 밥장사로 날리던 백종원이 요즘 하는 게임(결정동굴 이벤트 상품 공개) #shorts,조회수 25만회
176,[바종원 생방송 Full ver.]술자리를 함께 하지 못한 팀원 분들을 위하여,조회수 36만회
177,백종원과 한잔 하실 분 구해유🍺 생방송 실시간 술먹방 예고!,조회수 6.4만회
178,콩나물 해장국이 먼저냐 수란이 먼저냐? 아무튼 술 숙취엔 이거 두 개 먹고 시작입니다,조회수 24만회
179,참치김치찌개 끓이기 전에 '이거' 같이 안 해 먹으면 손해!,조회수 49만회
180,제작진놈들의 계속되는 캠핑 강행군에 탈출을 시도하는 도시러버 백종원의 모습입니다,조회수 9.3만회
181,명란대첩 │ 나에게는 아직 12개의 명란이 남아 있쥬~ 부럽쥬?,조회수 12만회
182,백종원 광고 단가 수준,조회수 82만회
183,초코파이탕,조회수 13만회
184,"방년 11세 소년 백종원, 고등어통조림조림을 만들다",조회수 7.3만회
185,"무한동력, 드디어 발견했다! 무한정 들어가는 하이볼+명란 구이로 완성한 무한 음주 공식!",조회수 22만회
186,밥 먹고 바로 빵 먹기 가능? 제대로 끝장 보는 백종원식 풀소유 캠핑 먹부림!,조회수 9만회
187,집종원은 사실 캠핑이 체질? 나 분명 캠핑 싫어하는데 왜 이렇게 잘해!,조회수 15만회
188,나이트에서 짝 찾으려다 맥주만 짝으로 먹고 온 썰,조회수 12만회
189,🦆: 여보 여기 있던 내 알 못 봤어요?│메추리알 장조림,조회수 22만회
190,백종원식 불먹,조회수 76만회
191,🍅케첩이 된 멋쟁이 토마토! 나폴리탄으로 업그레이드해줬습니다!🍅,조회수 12만회
192,오늘따라 야장 가고 싶네... 청양고추 잔뜩 넣은 번데기탕에 감귤 향 터지는 미상 한 병? 오늘 나 집에 안 가!,조회수 8.8만회
193,[제1회 주주총회_EP.3]드디어 증류주 먹는다!🍶 자기야! 내가 원했던 게 이거자나!🙌 취기를 빌려 고백하는 주당들의 술 취향까지😚,조회수 4.9만회
194,[모집 공고] 우리 장사 이야기로 소통 좀 할까요?,조회수 6.9만회
195,단돈 2천원으로 방구석 피서! 다람이 거🐹 도토리🌰 뺏어 만든 쿨내 폴폴❄ 묵사발,조회수 26만회
196,백종원 방송 역사상 가장 힘들었던 프로그램,조회수 28만회
197,92년... 아마 그때 우린 뽀글이에 미쳤었죠,조회수 34만회
198,[제1회 주주총회_EP.2] 팬톤 선정 올해의 컬러 '막걸리 레드'🍓 인★갬성 제대로 즐기는 새콤달콤오색 막걸리 PARTY!🎉,조회수 4.5만회
199,21살 종원의 최애 영화(므흣) #shorts,조회수 26만회
200,세상에서 게맛살 제일 맛있게 먹는 법!(TIP. 에어프라이어로 불맛 내기),조회수 23만회
201,[제1회 주주총회_EP.1] 체내 알코올 농도 100% 주당들의 잔망 넘치는 전통주 시음기,조회수 10만회
202,내가 엘든링 7번 깬 비법,조회수 353만회
203,『흑종원 박제』 좋아요를 눌러 JOY를 표하십시오,조회수 18만회
204,우유 크림 파스타 만들어서 먹어볼 도전자를 찾습니다.,조회수 14만회
205,와우 밥장사로 날리던 백종원이 요즘 하는 게임(결정동굴 이벤트 상품 공개) #shorts,조회수 25만회
206,[바종원 생방송 Full ver.]술자리를 함께 하지 못한 팀원 분들을 위하여,조회수 36만회
207,백종원과 한잔 하실 분 구해유🍺 생방송 실시간 술먹방 예고!,조회수 6.4만회
208,콩나물 해장국이 먼저냐 수란이 먼저냐? 아무튼 술 숙취엔 이거 두 개 먹고 시작입니다,조회수 24만회
209,참치김치찌개 끓이기 전에 '이거' 같이 안 해 먹으면 손해!,조회수 49만회
210,제작진놈들의 계속되는 캠핑 강행군에 탈출을 시도하는 도시러버 백종원의 모습입니다,조회수 9.3만회
211,명란대첩 │ 나에게는 아직 12개의 명란이 남아 있쥬~ 부럽쥬?,조회수 12만회
212,백종원 광고 단가 수준,조회수 82만회
213,초코파이탕,조회수 13만회
214,"방년 11세 소년 백종원, 고등어통조림조림을 만들다",조회수 7.3만회
215,"무한동력, 드디어 발견했다! 무한정 들어가는 하이볼+명란 구이로 완성한 무한 음주 공식!",조회수 22만회
216,밥 먹고 바로 빵 먹기 가능? 제대로 끝장 보는 백종원식 풀소유 캠핑 먹부림!,조회수 9만회
217,집종원은 사실 캠핑이 체질? 나 분명 캠핑 싫어하는데 왜 이렇게 잘해!,조회수 15만회
218,나이트에서 짝 찾으려다 맥주만 짝으로 먹고 온 썰,조회수 12만회
219,🦆: 여보 여기 있던 내 알 못 봤어요?│메추리알 장조림,조회수 22만회
220,백종원식 불먹,조회수 76만회
221,🍅케첩이 된 멋쟁이 토마토! 나폴리탄으로 업그레이드해줬습니다!🍅,조회수 12만회
222,오늘따라 야장 가고 싶네... 청양고추 잔뜩 넣은 번데기탕에 감귤 향 터지는 미상 한 병? 오늘 나 집에 안 가!,조회수 8.8만회
223,[제1회 주주총회_EP.3]드디어 증류주 먹는다!🍶 자기야! 내가 원했던 게 이거자나!🙌 취기를 빌려 고백하는 주당들의 술 취향까지😚,조회수 4.9만회
224,[모집 공고] 우리 장사 이야기로 소통 좀 할까요?,조회수 6.9만회
225,단돈 2천원으로 방구석 피서! 다람이 거🐹 도토리🌰 뺏어 만든 쿨내 폴폴❄ 묵사발,조회수 26만회
226,백종원 방송 역사상 가장 힘들었던 프로그램,조회수 28만회
227,92년... 아마 그때 우린 뽀글이에 미쳤었죠,조회수 34만회
228,[제1회 주주총회_EP.2] 팬톤 선정 올해의 컬러 '막걸리 레드'🍓 인★갬성 제대로 즐기는 새콤달콤오색 막걸리 PARTY!🎉,조회수 4.5만회
229,21살 종원의 최애 영화(므흣) #shorts,조회수 26만회
230,세상에서 게맛살 제일 맛있게 먹는 법!(TIP. 에어프라이어로 불맛 내기),조회수 23만회
231,[제1회 주주총회_EP.1] 체내 알코올 농도 100% 주당들의 잔망 넘치는 전통주 시음기,조회수 10만회
232,내가 엘든링 7번 깬 비법,조회수 353만회
233,『흑종원 박제』 좋아요를 눌러 JOY를 표하십시오,조회수 18만회
234,우유 크림 파스타 만들어서 먹어볼 도전자를 찾습니다.,조회수 14만회
235,와우 밥장사로 날리던 백종원이 요즘 하는 게임(결정동굴 이벤트 상품 공개) #shorts,조회수 25만회
236,[바종원 생방송 Full ver.]술자리를 함께 하지 못한 팀원 분들을 위하여,조회수 36만회
237,백종원과 한잔 하실 분 구해유🍺 생방송 실시간 술먹방 예고!,조회수 6.4만회
238,콩나물 해장국이 먼저냐 수란이 먼저냐? 아무튼 술 숙취엔 이거 두 개 먹고 시작입니다,조회수 24만회
239,참치김치찌개 끓이기 전에 '이거' 같이 안 해 먹으면 손해!,조회수 49만회
240,제작진놈들의 계속되는 캠핑 강행군에 탈출을 시도하는 도시러버 백종원의 모습입니다,조회수 9.3만회
241,명란대첩 │ 나에게는 아직 12개의 명란이 남아 있쥬~ 부럽쥬?,조회수 12만회
242,백종원 광고 단가 수준,조회수 82만회
243,초코파이탕,조회수 13만회
244,"방년 11세 소년 백종원, 고등어통조림조림을 만들다",조회수 7.3만회
245,"무한동력, 드디어 발견했다! 무한정 들어가는 하이볼+명란 구이로 완성한 무한 음주 공식!",조회수 22만회
246,밥 먹고 바로 빵 먹기 가능? 제대로 끝장 보는 백종원식 풀소유 캠핑 먹부림!,조회수 9만회
247,집종원은 사실 캠핑이 체질? 나 분명 캠핑 싫어하는데 왜 이렇게 잘해!,조회수 15만회
248,나이트에서 짝 찾으려다 맥주만 짝으로 먹고 온 썰,조회수 12만회
249,🦆: 여보 여기 있던 내 알 못 봤어요?│메추리알 장조림,조회수 22만회
250,백종원식 불먹,조회수 76만회
251,🍅케첩이 된 멋쟁이 토마토! 나폴리탄으로 업그레이드해줬습니다!🍅,조회수 12만회
252,오늘따라 야장 가고 싶네... 청양고추 잔뜩 넣은 번데기탕에 감귤 향 터지는 미상 한 병? 오늘 나 집에 안 가!,조회수 8.8만회
253,[제1회 주주총회_EP.3]드디어 증류주 먹는다!🍶 자기야! 내가 원했던 게 이거자나!🙌 취기를 빌려 고백하는 주당들의 술 취향까지😚,조회수 4.9만회
254,[모집 공고] 우리 장사 이야기로 소통 좀 할까요?,조회수 6.9만회
255,단돈 2천원으로 방구석 피서! 다람이 거🐹 도토리🌰 뺏어 만든 쿨내 폴폴❄ 묵사발,조회수 26만회
256,백종원 방송 역사상 가장 힘들었던 프로그램,조회수 28만회
257,92년... 아마 그때 우린 뽀글이에 미쳤었죠,조회수 34만회
258,[제1회 주주총회_EP.2] 팬톤 선정 올해의 컬러 '막걸리 레드'🍓 인★갬성 제대로 즐기는 새콤달콤오색 막걸리 PARTY!🎉,조회수 4.5만회
259,21살 종원의 최애 영화(므흣) #shorts,조회수 26만회
260,세상에서 게맛살 제일 맛있게 먹는 법!(TIP. 에어프라이어로 불맛 내기),조회수 23만회
261,[제1회 주주총회_EP.1] 체내 알코올 농도 100% 주당들의 잔망 넘치는 전통주 시음기,조회수 10만회
262,내가 엘든링 7번 깬 비법,조회수 353만회
263,『흑종원 박제』 좋아요를 눌러 JOY를 표하십시오,조회수 18만회
264,우유 크림 파스타 만들어서 먹어볼 도전자를 찾습니다.,조회수 14만회
265,와우 밥장사로 날리던 백종원이 요즘 하는 게임(결정동굴 이벤트 상품 공개) #shorts,조회수 25만회
266,[바종원 생방송 Full ver.]술자리를 함께 하지 못한 팀원 분들을 위하여,조회수 36만회
267,백종원과 한잔 하실 분 구해유🍺 생방송 실시간 술먹방 예고!,조회수 6.4만회
268,콩나물 해장국이 먼저냐 수란이 먼저냐? 아무튼 술 숙취엔 이거 두 개 먹고 시작입니다,조회수 24만회
269,참치김치찌개 끓이기 전에 '이거' 같이 안 해 먹으면 손해!,조회수 49만회
270,제작진놈들의 계속되는 캠핑 강행군에 탈출을 시도하는 도시러버 백종원의 모습입니다,조회수 9.3만회
271,명란대첩 │ 나에게는 아직 12개의 명란이 남아 있쥬~ 부럽쥬?,조회수 12만회
272,백종원 광고 단가 수준,조회수 82만회
273,초코파이탕,조회수 13만회
274,"방년 11세 소년 백종원, 고등어통조림조림을 만들다",조회수 7.3만회
275,"무한동력, 드디어 발견했다! 무한정 들어가는 하이볼+명란 구이로 완성한 무한 음주 공식!",조회수 22만회
276,밥 먹고 바로 빵 먹기 가능? 제대로 끝장 보는 백종원식 풀소유 캠핑 먹부림!,조회수 9만회
277,집종원은 사실 캠핑이 체질? 나 분명 캠핑 싫어하는데 왜 이렇게 잘해!,조회수 15만회
278,나이트에서 짝 찾으려다 맥주만 짝으로 먹고 온 썰,조회수 12만회
279,🦆: 여보 여기 있던 내 알 못 봤어요?│메추리알 장조림,조회수 22만회
280,백종원식 불먹,조회수 76만회
281,🍅케첩이 된 멋쟁이 토마토! 나폴리탄으로 업그레이드해줬습니다!🍅,조회수 12만회
282,오늘따라 야장 가고 싶네... 청양고추 잔뜩 넣은 번데기탕에 감귤 향 터지는 미상 한 병? 오늘 나 집에 안 가!,조회수 8.8만회
283,[제1회 주주총회_EP.3]드디어 증류주 먹는다!🍶 자기야! 내가 원했던 게 이거자나!🙌 취기를 빌려 고백하는 주당들의 술 취향까지😚,조회수 4.9만회
284,[모집 공고] 우리 장사 이야기로 소통 좀 할까요?,조회수 6.9만회
285,단돈 2천원으로 방구석 피서! 다람이 거🐹 도토리🌰 뺏어 만든 쿨내 폴폴❄ 묵사발,조회수 26만회
286,백종원 방송 역사상 가장 힘들었던 프로그램,조회수 28만회
287,92년... 아마 그때 우린 뽀글이에 미쳤었죠,조회수 34만회
288,[제1회 주주총회_EP.2] 팬톤 선정 올해의 컬러 '막걸리 레드'🍓 인★갬성 제대로 즐기는 새콤달콤오색 막걸리 PARTY!🎉,조회수 4.5만회
289,21살 종원의 최애 영화(므흣) #shorts,조회수 26만회
290,세상에서 게맛살 제일 맛있게 먹는 법!(TIP. 에어프라이어로 불맛 내기),조회수 23만회
291,[제1회 주주총회_EP.1] 체내 알코올 농도 100% 주당들의 잔망 넘치는 전통주 시음기,조회수 10만회
292,내가 엘든링 7번 깬 비법,조회수 353만회
293,『흑종원 박제』 좋아요를 눌러 JOY를 표하십시오,조회수 18만회
294,우유 크림 파스타 만들어서 먹어볼 도전자를 찾습니다.,조회수 14만회
295,와우 밥장사로 날리던 백종원이 요즘 하는 게임(결정동굴 이벤트 상품 공개) #shorts,조회수 25만회
296,[바종원 생방송 Full ver.]술자리를 함께 하지 못한 팀원 분들을 위하여,조회수 36만회
297,백종원과 한잔 하실 분 구해유🍺 생방송 실시간 술먹방 예고!,조회수 6.4만회
298,콩나물 해장국이 먼저냐 수란이 먼저냐? 아무튼 술 숙취엔 이거 두 개 먹고 시작입니다,조회수 24만회
299,참치김치찌개 끓이기 전에 '이거' 같이 안 해 먹으면 손해!,조회수 49만회
300,제작진놈들의 계속되는 캠핑 강행군에 탈출을 시도하는 도시러버 백종원의 모습입니다,조회수 9.3만회
301,명란대첩 │ 나에게는 아직 12개의 명란이 남아 있쥬~ 부럽쥬?,조회수 12만회
302,백종원 광고 단가 수준,조회수 82만회
303,초코파이탕,조회수 13만회
304,"방년 11세 소년 백종원, 고등어통조림조림을 만들다",조회수 7.3만회
305,"무한동력, 드디어 발견했다! 무한정 들어가는 하이볼+명란 구이로 완성한 무한 음주 공식!",조회수 22만회
306,밥 먹고 바로 빵 먹기 가능? 제대로 끝장 보는 백종원식 풀소유 캠핑 먹부림!,조회수 9만회
307,집종원은 사실 캠핑이 체질? 나 분명 캠핑 싫어하는데 왜 이렇게 잘해!,조회수 15만회
308,나이트에서 짝 찾으려다 맥주만 짝으로 먹고 온 썰,조회수 12만회
309,🦆: 여보 여기 있던 내 알 못 봤어요?│메추리알 장조림,조회수 22만회
310,백종원식 불먹,조회수 76만회
311,🍅케첩이 된 멋쟁이 토마토! 나폴리탄으로 업그레이드해줬습니다!🍅,조회수 12만회
312,오늘따라 야장 가고 싶네... 청양고추 잔뜩 넣은 번데기탕에 감귤 향 터지는 미상 한 병? 오늘 나 집에 안 가!,조회수 8.8만회
313,[제1회 주주총회_EP.3]드디어 증류주 먹는다!🍶 자기야! 내가 원했던 게 이거자나!🙌 취기를 빌려 고백하는 주당들의 술 취향까지😚,조회수 4.9만회
314,[모집 공고] 우리 장사 이야기로 소통 좀 할까요?,조회수 6.9만회
315,단돈 2천원으로 방구석 피서! 다람이 거🐹 도토리🌰 뺏어 만든 쿨내 폴폴❄ 묵사발,조회수 26만회
316,백종원 방송 역사상 가장 힘들었던 프로그램,조회수 28만회
317,92년... 아마 그때 우린 뽀글이에 미쳤었죠,조회수 34만회
318,[제1회 주주총회_EP.2] 팬톤 선정 올해의 컬러 '막걸리 레드'🍓 인★갬성 제대로 즐기는 새콤달콤오색 막걸리 PARTY!🎉,조회수 4.5만회
319,21살 종원의 최애 영화(므흣) #shorts,조회수 26만회
320,세상에서 게맛살 제일 맛있게 먹는 법!(TIP. 에어프라이어로 불맛 내기),조회수 23만회
321,[제1회 주주총회_EP.1] 체내 알코올 농도 100% 주당들의 잔망 넘치는 전통주 시음기,조회수 10만회
322,내가 엘든링 7번 깬 비법,조회수 353만회
323,『흑종원 박제』 좋아요를 눌러 JOY를 표하십시오,조회수 18만회
324,우유 크림 파스타 만들어서 먹어볼 도전자를 찾습니다.,조회수 14만회
325,와우 밥장사로 날리던 백종원이 요즘 하는 게임(결정동굴 이벤트 상품 공개) #shorts,조회수 25만회
326,[바종원 생방송 Full ver.]술자리를 함께 하지 못한 팀원 분들을 위하여,조회수 36만회
327,백종원과 한잔 하실 분 구해유🍺 생방송 실시간 술먹방 예고!,조회수 6.4만회
328,콩나물 해장국이 먼저냐 수란이 먼저냐? 아무튼 술 숙취엔 이거 두 개 먹고 시작입니다,조회수 24만회
329,참치김치찌개 끓이기 전에 '이거' 같이 안 해 먹으면 손해!,조회수 49만회
330,제작진놈들의 계속되는 캠핑 강행군에 탈출을 시도하는 도시러버 백종원의 모습입니다,조회수 9.3만회
331,명란대첩 │ 나에게는 아직 12개의 명란이 남아 있쥬~ 부럽쥬?,조회수 12만회
332,백종원 광고 단가 수준,조회수 82만회
333,초코파이탕,조회수 13만회
334,"방년 11세 소년 백종원, 고등어통조림조림을 만들다",조회수 7.3만회
335,"무한동력, 드디어 발견했다! 무한정 들어가는 하이볼+명란 구이로 완성한 무한 음주 공식!",조회수 22만회
336,밥 먹고 바로 빵 먹기 가능? 제대로 끝장 보는 백종원식 풀소유 캠핑 먹부림!,조회수 9만회
337,집종원은 사실 캠핑이 체질? 나 분명 캠핑 싫어하는데 왜 이렇게 잘해!,조회수 15만회
338,나이트에서 짝 찾으려다 맥주만 짝으로 먹고 온 썰,조회수 12만회
339,🦆: 여보 여기 있던 내 알 못 봤어요?│메추리알 장조림,조회수 22만회
340,백종원식 불먹,조회수 76만회
341,🍅케첩이 된 멋쟁이 토마토! 나폴리탄으로 업그레이드해줬습니다!🍅,조회수 12만회
342,오늘따라 야장 가고 싶네... 청양고추 잔뜩 넣은 번데기탕에 감귤 향 터지는 미상 한 병? 오늘 나 집에 안 가!,조회수 8.8만회
343,[제1회 주주총회_EP.3]드디어 증류주 먹는다!🍶 자기야! 내가 원했던 게 이거자나!🙌 취기를 빌려 고백하는 주당들의 술 취향까지😚,조회수 4.9만회
344,[모집 공고] 우리 장사 이야기로 소통 좀 할까요?,조회수 6.9만회
345,단돈 2천원으로 방구석 피서! 다람이 거🐹 도토리🌰 뺏어 만든 쿨내 폴폴❄ 묵사발,조회수 26만회
346,백종원 방송 역사상 가장 힘들었던 프로그램,조회수 28만회
347,92년... 아마 그때 우린 뽀글이에 미쳤었죠,조회수 34만회
348,[제1회 주주총회_EP.2] 팬톤 선정 올해의 컬러 '막걸리 레드'🍓 인★갬성 제대로 즐기는 새콤달콤오색 막걸리 PARTY!🎉,조회수 4.5만회
349,21살 종원의 최애 영화(므흣) #shorts,조회수 26만회
350,세상에서 게맛살 제일 맛있게 먹는 법!(TIP. 에어프라이어로 불맛 내기),조회수 23만회
351,[제1회 주주총회_EP.1] 체내 알코올 농도 100% 주당들의 잔망 넘치는 전통주 시음기,조회수 10만회
352,내가 엘든링 7번 깬 비법,조회수 353만회
353,『흑종원 박제』 좋아요를 눌러 JOY를 표하십시오,조회수 18만회
354,우유 크림 파스타 만들어서 먹어볼 도전자를 찾습니다.,조회수 14만회
355,와우 밥장사로 날리던 백종원이 요즘 하는 게임(결정동굴 이벤트 상품 공개) #shorts,조회수 25만회
356,[바종원 생방송 Full ver.]술자리를 함께 하지 못한 팀원 분들을 위하여,조회수 36만회
357,백종원과 한잔 하실 분 구해유🍺 생방송 실시간 술먹방 예고!,조회수 6.4만회
358,콩나물 해장국이 먼저냐 수란이 먼저냐? 아무튼 술 숙취엔 이거 두 개 먹고 시작입니다,조회수 24만회
359,참치김치찌개 끓이기 전에 '이거' 같이 안 해 먹으면 손해!,조회수 49만회
360,제작진놈들의 계속되는 캠핑 강행군에 탈출을 시도하는 도시러버 백종원의 모습입니다,조회수 9.3만회
361,명란대첩 │ 나에게는 아직 12개의 명란이 남아 있쥬~ 부럽쥬?,조회수 12만회
362,백종원 광고 단가 수준,조회수 82만회
363,초코파이탕,조회수 13만회
364,"방년 11세 소년 백종원, 고등어통조림조림을 만들다",조회수 7.3만회
365,"무한동력, 드디어 발견했다! 무한정 들어가는 하이볼+명란 구이로 완성한 무한 음주 공식!",조회수 22만회
366,밥 먹고 바로 빵 먹기 가능? 제대로 끝장 보는 백종원식 풀소유 캠핑 먹부림!,조회수 9만회
367,집종원은 사실 캠핑이 체질? 나 분명 캠핑 싫어하는데 왜 이렇게 잘해!,조회수 15만회
368,나이트에서 짝 찾으려다 맥주만 짝으로 먹고 온 썰,조회수 12만회
369,🦆: 여보 여기 있던 내 알 못 봤어요?│메추리알 장조림,조회수 22만회
370,백종원식 불먹,조회수 76만회
371,🍅케첩이 된 멋쟁이 토마토! 나폴리탄으로 업그레이드해줬습니다!🍅,조회수 12만회
372,오늘따라 야장 가고 싶네... 청양고추 잔뜩 넣은 번데기탕에 감귤 향 터지는 미상 한 병? 오늘 나 집에 안 가!,조회수 8.8만회
373,[제1회 주주총회_EP.3]드디어 증류주 먹는다!🍶 자기야! 내가 원했던 게 이거자나!🙌 취기를 빌려 고백하는 주당들의 술 취향까지😚,조회수 4.9만회
374,[모집 공고] 우리 장사 이야기로 소통 좀 할까요?,조회수 6.9만회
375,단돈 2천원으로 방구석 피서! 다람이 거🐹 도토리🌰 뺏어 만든 쿨내 폴폴❄ 묵사발,조회수 26만회
376,백종원 방송 역사상 가장 힘들었던 프로그램,조회수 28만회
377,92년... 아마 그때 우린 뽀글이에 미쳤었죠,조회수 34만회
378,[제1회 주주총회_EP.2] 팬톤 선정 올해의 컬러 '막걸리 레드'🍓 인★갬성 제대로 즐기는 새콤달콤오색 막걸리 PARTY!🎉,조회수 4.5만회
379,21살 종원의 최애 영화(므흣) #shorts,조회수 26만회
380,세상에서 게맛살 제일 맛있게 먹는 법!(TIP. 에어프라이어로 불맛 내기),조회수 23만회
381,[제1회 주주총회_EP.1] 체내 알코올 농도 100% 주당들의 잔망 넘치는 전통주 시음기,조회수 10만회
382,내가 엘든링 7번 깬 비법,조회수 353만회
383,『흑종원 박제』 좋아요를 눌러 JOY를 표하십시오,조회수 18만회
384,우유 크림 파스타 만들어서 먹어볼 도전자를 찾습니다.,조회수 14만회
385,와우 밥장사로 날리던 백종원이 요즘 하는 게임(결정동굴 이벤트 상품 공개) #shorts,조회수 25만회
386,[바종원 생방송 Full ver.]술자리를 함께 하지 못한 팀원 분들을 위하여,조회수 36만회
387,백종원과 한잔 하실 분 구해유🍺 생방송 실시간 술먹방 예고!,조회수 6.4만회
388,콩나물 해장국이 먼저냐 수란이 먼저냐? 아무튼 술 숙취엔 이거 두 개 먹고 시작입니다,조회수 24만회
389,참치김치찌개 끓이기 전에 '이거' 같이 안 해 먹으면 손해!,조회수 49만회
390,제작진놈들의 계속되는 캠핑 강행군에 탈출을 시도하는 도시러버 백종원의 모습입니다,조회수 9.3만회
391,명란대첩 │ 나에게는 아직 12개의 명란이 남아 있쥬~ 부럽쥬?,조회수 12만회
392,백종원 광고 단가 수준,조회수 82만회
393,초코파이탕,조회수 13만회
394,"방년 11세 소년 백종원, 고등어통조림조림을 만들다",조회수 7.3만회
395,"무한동력, 드디어 발견했다! 무한정 들어가는 하이볼+명란 구이로 완성한 무한 음주 공식!",조회수 22만회
396,밥 먹고 바로 빵 먹기 가능? 제대로 끝장 보는 백종원식 풀소유 캠핑 먹부림!,조회수 9만회
397,집종원은 사실 캠핑이 체질? 나 분명 캠핑 싫어하는데 왜 이렇게 잘해!,조회수 15만회
398,나이트에서 짝 찾으려다 맥주만 짝으로 먹고 온 썰,조회수 12만회
399,🦆: 여보 여기 있던 내 알 못 봤어요?│메추리알 장조림,조회수 22만회
400,백종원식 불먹,조회수 76만회
401,🍅케첩이 된 멋쟁이 토마토! 나폴리탄으로 업그레이드해줬습니다!🍅,조회수 12만회
402,오늘따라 야장 가고 싶네... 청양고추 잔뜩 넣은 번데기탕에 감귤 향 터지는 미상 한 병? 오늘 나 집에 안 가!,조회수 8.8만회
403,[제1회 주주총회_EP.3]드디어 증류주 먹는다!🍶 자기야! 내가 원했던 게 이거자나!🙌 취기를 빌려 고백하는 주당들의 술 취향까지😚,조회수 4.9만회
404,[모집 공고] 우리 장사 이야기로 소통 좀 할까요?,조회수 6.9만회
405,단돈 2천원으로 방구석 피서! 다람이 거🐹 도토리🌰 뺏어 만든 쿨내 폴폴❄ 묵사발,조회수 26만회
406,백종원 방송 역사상 가장 힘들었던 프로그램,조회수 28만회
407,92년... 아마 그때 우린 뽀글이에 미쳤었죠,조회수 34만회
408,[제1회 주주총회_EP.2] 팬톤 선정 올해의 컬러 '막걸리 레드'🍓 인★갬성 제대로 즐기는 새콤달콤오색 막걸리 PARTY!🎉,조회수 4.5만회
409,21살 종원의 최애 영화(므흣) #shorts,조회수 26만회
410,세상에서 게맛살 제일 맛있게 먹는 법!(TIP. 에어프라이어로 불맛 내기),조회수 23만회
411,[제1회 주주총회_EP.1] 체내 알코올 농도 100% 주당들의 잔망 넘치는 전통주 시음기,조회수 10만회
412,내가 엘든링 7번 깬 비법,조회수 353만회
413,『흑종원 박제』 좋아요를 눌러 JOY를 표하십시오,조회수 18만회
414,우유 크림 파스타 만들어서 먹어볼 도전자를 찾습니다.,조회수 14만회
415,와우 밥장사로 날리던 백종원이 요즘 하는 게임(결정동굴 이벤트 상품 공개) #shorts,조회수 25만회
416,[바종원 생방송 Full ver.]술자리를 함께 하지 못한 팀원 분들을 위하여,조회수 36만회
417,백종원과 한잔 하실 분 구해유🍺 생방송 실시간 술먹방 예고!,조회수 6.4만회
418,콩나물 해장국이 먼저냐 수란이 먼저냐? 아무튼 술 숙취엔 이거 두 개 먹고 시작입니다,조회수 24만회
419,참치김치찌개 끓이기 전에 '이거' 같이 안 해 먹으면 손해!,조회수 49만회
420,제작진놈들의 계속되는 캠핑 강행군에 탈출을 시도하는 도시러버 백종원의 모습입니다,조회수 9.3만회
421,명란대첩 │ 나에게는 아직 12개의 명란이 남아 있쥬~ 부럽쥬?,조회수 12만회
422,백종원 광고 단가 수준,조회수 82만회
423,초코파이탕,조회수 13만회
424,"방년 11세 소년 백종원, 고등어통조림조림을 만들다",조회수 7.3만회
425,"무한동력, 드디어 발견했다! 무한정 들어가는 하이볼+명란 구이로 완성한 무한 음주 공식!",조회수 22만회
426,밥 먹고 바로 빵 먹기 가능? 제대로 끝장 보는 백종원식 풀소유 캠핑 먹부림!,조회수 9만회
427,집종원은 사실 캠핑이 체질? 나 분명 캠핑 싫어하는데 왜 이렇게 잘해!,조회수 15만회
428,나이트에서 짝 찾으려다 맥주만 짝으로 먹고 온 썰,조회수 12만회
429,🦆: 여보 여기 있던 내 알 못 봤어요?│메추리알 장조림,조회수 22만회
430,백종원식 불먹,조회수 76만회
431,🍅케첩이 된 멋쟁이 토마토! 나폴리탄으로 업그레이드해줬습니다!🍅,조회수 12만회
432,오늘따라 야장 가고 싶네... 청양고추 잔뜩 넣은 번데기탕에 감귤 향 터지는 미상 한 병? 오늘 나 집에 안 가!,조회수 8.8만회
433,[제1회 주주총회_EP.3]드디어 증류주 먹는다!🍶 자기야! 내가 원했던 게 이거자나!🙌 취기를 빌려 고백하는 주당들의 술 취향까지😚,조회수 4.9만회
434,[모집 공고] 우리 장사 이야기로 소통 좀 할까요?,조회수 6.9만회
435,단돈 2천원으로 방구석 피서! 다람이 거🐹 도토리🌰 뺏어 만든 쿨내 폴폴❄ 묵사발,조회수 26만회
436,백종원 방송 역사상 가장 힘들었던 프로그램,조회수 28만회
437,92년... 아마 그때 우린 뽀글이에 미쳤었죠,조회수 34만회
438,[제1회 주주총회_EP.2] 팬톤 선정 올해의 컬러 '막걸리 레드'🍓 인★갬성 제대로 즐기는 새콤달콤오색 막걸리 PARTY!🎉,조회수 4.5만회
439,21살 종원의 최애 영화(므흣) #shorts,조회수 26만회
440,세상에서 게맛살 제일 맛있게 먹는 법!(TIP. 에어프라이어로 불맛 내기),조회수 23만회
441,[제1회 주주총회_EP.1] 체내 알코올 농도 100% 주당들의 잔망 넘치는 전통주 시음기,조회수 10만회
442,내가 엘든링 7번 깬 비법,조회수 353만회
443,『흑종원 박제』 좋아요를 눌러 JOY를 표하십시오,조회수 18만회
444,우유 크림 파스타 만들어서 먹어볼 도전자를 찾습니다.,조회수 14만회
445,와우 밥장사로 날리던 백종원이 요즘 하는 게임(결정동굴 이벤트 상품 공개) #shorts,조회수 25만회
446,[바종원 생방송 Full ver.]술자리를 함께 하지 못한 팀원 분들을 위하여,조회수 36만회
447,백종원과 한잔 하실 분 구해유🍺 생방송 실시간 술먹방 예고!,조회수 6.4만회
448,콩나물 해장국이 먼저냐 수란이 먼저냐? 아무튼 술 숙취엔 이거 두 개 먹고 시작입니다,조회수 24만회
449,참치김치찌개 끓이기 전에 '이거' 같이 안 해 먹으면 손해!,조회수 49만회
450,제작진놈들의 계속되는 캠핑 강행군에 탈출을 시도하는 도시러버 백종원의 모습입니다,조회수 9.3만회
451,명란대첩 │ 나에게는 아직 12개의 명란이 남아 있쥬~ 부럽쥬?,조회수 12만회
452,백종원 광고 단가 수준,조회수 82만회
453,초코파이탕,조회수 13만회
454,"방년 11세 소년 백종원, 고등어통조림조림을 만들다",조회수 7.3만회
455,"무한동력, 드디어 발견했다! 무한정 들어가는 하이볼+명란 구이로 완성한 무한 음주 공식!",조회수 22만회
456,밥 먹고 바로 빵 먹기 가능? 제대로 끝장 보는 백종원식 풀소유 캠핑 먹부림!,조회수 9만회
457,집종원은 사실 캠핑이 체질? 나 분명 캠핑 싫어하는데 왜 이렇게 잘해!,조회수 15만회
458,나이트에서 짝 찾으려다 맥주만 짝으로 먹고 온 썰,조회수 12만회
459,🦆: 여보 여기 있던 내 알 못 봤어요?│메추리알 장조림,조회수 22만회
460,백종원식 불먹,조회수 76만회
461,🍅케첩이 된 멋쟁이 토마토! 나폴리탄으로 업그레이드해줬습니다!🍅,조회수 12만회
462,오늘따라 야장 가고 싶네... 청양고추 잔뜩 넣은 번데기탕에 감귤 향 터지는 미상 한 병? 오늘 나 집에 안 가!,조회수 8.8만회
463,[제1회 주주총회_EP.3]드디어 증류주 먹는다!🍶 자기야! 내가 원했던 게 이거자나!🙌 취기를 빌려 고백하는 주당들의 술 취향까지😚,조회수 4.9만회
464,[모집 공고] 우리 장사 이야기로 소통 좀 할까요?,조회수 6.9만회
465,단돈 2천원으로 방구석 피서! 다람이 거🐹 도토리🌰 뺏어 만든 쿨내 폴폴❄ 묵사발,조회수 26만회
466,백종원 방송 역사상 가장 힘들었던 프로그램,조회수 28만회
467,92년... 아마 그때 우린 뽀글이에 미쳤었죠,조회수 34만회
468,[제1회 주주총회_EP.2] 팬톤 선정 올해의 컬러 '막걸리 레드'🍓 인★갬성 제대로 즐기는 새콤달콤오색 막걸리 PARTY!🎉,조회수 4.5만회
469,21살 종원의 최애 영화(므흣) #shorts,조회수 26만회
470,세상에서 게맛살 제일 맛있게 먹는 법!(TIP. 에어프라이어로 불맛 내기),조회수 23만회
471,[제1회 주주총회_EP.1] 체내 알코올 농도 100% 주당들의 잔망 넘치는 전통주 시음기,조회수 10만회
472,내가 엘든링 7번 깬 비법,조회수 353만회
473,『흑종원 박제』 좋아요를 눌러 JOY를 표하십시오,조회수 18만회
474,우유 크림 파스타 만들어서 먹어볼 도전자를 찾습니다.,조회수 14만회
475,와우 밥장사로 날리던 백종원이 요즘 하는 게임(결정동굴 이벤트 상품 공개) #shorts,조회수 25만회
476,[바종원 생방송 Full ver.]술자리를 함께 하지 못한 팀원 분들을 위하여,조회수 36만회
477,백종원과 한잔 하실 분 구해유🍺 생방송 실시간 술먹방 예고!,조회수 6.4만회
478,콩나물 해장국이 먼저냐 수란이 먼저냐? 아무튼 술 숙취엔 이거 두 개 먹고 시작입니다,조회수 24만회
479,참치김치찌개 끓이기 전에 '이거' 같이 안 해 먹으면 손해!,조회수 49만회
480,제작진놈들의 계속되는 캠핑 강행군에 탈출을 시도하는 도시러버 백종원의 모습입니다,조회수 9.3만회
481,명란대첩 │ 나에게는 아직 12개의 명란이 남아 있쥬~ 부럽쥬?,조회수 12만회
482,백종원 광고 단가 수준,조회수 82만회
483,초코파이탕,조회수 13만회
484,"방년 11세 소년 백종원, 고등어통조림조림을 만들다",조회수 7.3만회
485,"무한동력, 드디어 발견했다! 무한정 들어가는 하이볼+명란 구이로 완성한 무한 음주 공식!",조회수 22만회
486,밥 먹고 바로 빵 먹기 가능? 제대로 끝장 보는 백종원식 풀소유 캠핑 먹부림!,조회수 9만회
487,집종원은 사실 캠핑이 체질? 나 분명 캠핑 싫어하는데 왜 이렇게 잘해!,조회수 15만회
488,나이트에서 짝 찾으려다 맥주만 짝으로 먹고 온 썰,조회수 12만회
489,🦆: 여보 여기 있던 내 알 못 봤어요?│메추리알 장조림,조회수 22만회
490,백종원식 불먹,조회수 76만회
491,🍅케첩이 된 멋쟁이 토마토! 나폴리탄으로 업그레이드해줬습니다!🍅,조회수 12만회
492,오늘따라 야장 가고 싶네... 청양고추 잔뜩 넣은 번데기탕에 감귤 향 터지는 미상 한 병? 오늘 나 집에 안 가!,조회수 8.8만회
493,[제1회 주주총회_EP.3]드디어 증류주 먹는다!🍶 자기야! 내가 원했던 게 이거자나!🙌 취기를 빌려 고백하는 주당들의 술 취향까지😚,조회수 4.9만회
494,[모집 공고] 우리 장사 이야기로 소통 좀 할까요?,조회수 6.9만회
495,단돈 2천원으로 방구석 피서! 다람이 거🐹 도토리🌰 뺏어 만든 쿨내 폴폴❄ 묵사발,조회수 26만회
496,백종원 방송 역사상 가장 힘들었던 프로그램,조회수 28만회
497,92년... 아마 그때 우린 뽀글이에 미쳤었죠,조회수 34만회
498,[제1회 주주총회_EP.2] 팬톤 선정 올해의 컬러 '막걸리 레드'🍓 인★갬성 제대로 즐기는 새콤달콤오색 막걸리 PARTY!🎉,조회수 4.5만회
499,21살 종원의 최애 영화(므흣) #shorts,조회수 26만회
500,세상에서 게맛살 제일 맛있게 먹는 법!(TIP. 에어프라이어로 불맛 내기),조회수 23만회
501,[제1회 주주총회_EP.1] 체내 알코올 농도 100% 주당들의 잔망 넘치는 전통주 시음기,조회수 10만회
502,내가 엘든링 7번 깬 비법,조회수 353만회
503,『흑종원 박제』 좋아요를 눌러 JOY를 표하십시오,조회수 18만회
504,우유 크림 파스타 만들어서 먹어볼 도전자를 찾습니다.,조회수 14만회
505,와우 밥장사로 날리던 백종원이 요즘 하는 게임(결정동굴 이벤트 상품 공개) #shorts,조회수 25만회
506,[바종원 생방송 Full ver.]술자리를 함께 하지 못한 팀원 분들을 위하여,조회수 36만회
507,백종원과 한잔 하실 분 구해유🍺 생방송 실시간 술먹방 예고!,조회수 6.4만회
508,콩나물 해장국이 먼저냐 수란이 먼저냐? 아무튼 술 숙취엔 이거 두 개 먹고 시작입니다,조회수 24만회
509,참치김치찌개 끓이기 전에 '이거' 같이 안 해 먹으면 손해!,조회수 49만회
510,제작진놈들의 계속되는 캠핑 강행군에 탈출을 시도하는 도시러버 백종원의 모습입니다,조회수 9.3만회
511,명란대첩 │ 나에게는 아직 12개의 명란이 남아 있쥬~ 부럽쥬?,조회수 12만회
512,백종원 광고 단가 수준,조회수 82만회
513,초코파이탕,조회수 13만회
514,"방년 11세 소년 백종원, 고등어통조림조림을 만들다",조회수 7.3만회
515,"무한동력, 드디어 발견했다! 무한정 들어가는 하이볼+명란 구이로 완성한 무한 음주 공식!",조회수 22만회
516,밥 먹고 바로 빵 먹기 가능? 제대로 끝장 보는 백종원식 풀소유 캠핑 먹부림!,조회수 9만회
517,집종원은 사실 캠핑이 체질? 나 분명 캠핑 싫어하는데 왜 이렇게 잘해!,조회수 15만회
518,나이트에서 짝 찾으려다 맥주만 짝으로 먹고 온 썰,조회수 12만회
519,🦆: 여보 여기 있던 내 알 못 봤어요?│메추리알 장조림,조회수 22만회
520,백종원식 불먹,조회수 76만회
521,🍅케첩이 된 멋쟁이 토마토! 나폴리탄으로 업그레이드해줬습니다!🍅,조회수 12만회
522,오늘따라 야장 가고 싶네... 청양고추 잔뜩 넣은 번데기탕에 감귤 향 터지는 미상 한 병? 오늘 나 집에 안 가!,조회수 8.8만회
523,[제1회 주주총회_EP.3]드디어 증류주 먹는다!🍶 자기야! 내가 원했던 게 이거자나!🙌 취기를 빌려 고백하는 주당들의 술 취향까지😚,조회수 4.9만회
524,[모집 공고] 우리 장사 이야기로 소통 좀 할까요?,조회수 6.9만회
525,단돈 2천원으로 방구석 피서! 다람이 거🐹 도토리🌰 뺏어 만든 쿨내 폴폴❄ 묵사발,조회수 26만회
526,백종원 방송 역사상 가장 힘들었던 프로그램,조회수 28만회
527,92년... 아마 그때 우린 뽀글이에 미쳤었죠,조회수 34만회
528,[제1회 주주총회_EP.2] 팬톤 선정 올해의 컬러 '막걸리 레드'🍓 인★갬성 제대로 즐기는 새콤달콤오색 막걸리 PARTY!🎉,조회수 4.5만회
529,21살 종원의 최애 영화(므흣) #shorts,조회수 26만회
530,세상에서 게맛살 제일 맛있게 먹는 법!(TIP. 에어프라이어로 불맛 내기),조회수 23만회
531,[제1회 주주총회_EP.1] 체내 알코올 농도 100% 주당들의 잔망 넘치는 전통주 시음기,조회수 10만회
532,내가 엘든링 7번 깬 비법,조회수 353만회
533,『흑종원 박제』 좋아요를 눌러 JOY를 표하십시오,조회수 18만회
534,우유 크림 파스타 만들어서 먹어볼 도전자를 찾습니다.,조회수 14만회
535,와우 밥장사로 날리던 백종원이 요즘 하는 게임(결정동굴 이벤트 상품 공개) #shorts,조회수 25만회
536,[바종원 생방송 Full ver.]술자리를 함께 하지 못한 팀원 분들을 위하여,조회수 36만회
537,백종원과 한잔 하실 분 구해유🍺 생방송 실시간 술먹방 예고!,조회수 6.4만회
538,콩나물 해장국이 먼저냐 수란이 먼저냐? 아무튼 술 숙취엔 이거 두 개 먹고 시작입니다,조회수 24만회
539,참치김치찌개 끓이기 전에 '이거' 같이 안 해 먹으면 손해!,조회수 49만회
540,제작진놈들의 계속되는 캠핑 강행군에 탈출을 시도하는 도시러버 백종원의 모습입니다,조회수 9.3만회
541,명란대첩 │ 나에게는 아직 12개의 명란이 남아 있쥬~ 부럽쥬?,조회수 12만회
542,백종원 광고 단가 수준,조회수 82만회
543,초코파이탕,조회수 13만회
544,"방년 11세 소년 백종원, 고등어통조림조림을 만들다",조회수 7.3만회
545,"무한동력, 드디어 발견했다! 무한정 들어가는 하이볼+명란 구이로 완성한 무한 음주 공식!",조회수 22만회
546,밥 먹고 바로 빵 먹기 가능? 제대로 끝장 보는 백종원식 풀소유 캠핑 먹부림!,조회수 9만회
547,집종원은 사실 캠핑이 체질? 나 분명 캠핑 싫어하는데 왜 이렇게 잘해!,조회수 15만회
548,나이트에서 짝 찾으려다 맥주만 짝으로 먹고 온 썰,조회수 12만회
549,🦆: 여보 여기 있던 내 알 못 봤어요?│메추리알 장조림,조회수 22만회
550,백종원식 불먹,조회수 76만회
551,🍅케첩이 된 멋쟁이 토마토! 나폴리탄으로 업그레이드해줬습니다!🍅,조회수 12만회
552,오늘따라 야장 가고 싶네... 청양고추 잔뜩 넣은 번데기탕에 감귤 향 터지는 미상 한 병? 오늘 나 집에 안 가!,조회수 8.8만회
553,[제1회 주주총회_EP.3]드디어 증류주 먹는다!🍶 자기야! 내가 원했던 게 이거자나!🙌 취기를 빌려 고백하는 주당들의 술 취향까지😚,조회수 4.9만회
554,[모집 공고] 우리 장사 이야기로 소통 좀 할까요?,조회수 6.9만회
555,단돈 2천원으로 방구석 피서! 다람이 거🐹 도토리🌰 뺏어 만든 쿨내 폴폴❄ 묵사발,조회수 26만회
556,백종원 방송 역사상 가장 힘들었던 프로그램,조회수 28만회
557,92년... 아마 그때 우린 뽀글이에 미쳤었죠,조회수 34만회
558,[제1회 주주총회_EP.2] 팬톤 선정 올해의 컬러 '막걸리 레드'🍓 인★갬성 제대로 즐기는 새콤달콤오색 막걸리 PARTY!🎉,조회수 4.5만회
559,21살 종원의 최애 영화(므흣) #shorts,조회수 26만회
560,세상에서 게맛살 제일 맛있게 먹는 법!(TIP. 에어프라이어로 불맛 내기),조회수 23만회
561,[제1회 주주총회_EP.1] 체내 알코올 농도 100% 주당들의 잔망 넘치는 전통주 시음기,조회수 10만회
562,내가 엘든링 7번 깬 비법,조회수 353만회
563,『흑종원 박제』 좋아요를 눌러 JOY를 표하십시오,조회수 18만회
564,우유 크림 파스타 만들어서 먹어볼 도전자를 찾습니다.,조회수 14만회
565,와우 밥장사로 날리던 백종원이 요즘 하는 게임(결정동굴 이벤트 상품 공개) #shorts,조회수 25만회
566,[바종원 생방송 Full ver.]술자리를 함께 하지 못한 팀원 분들을 위하여,조회수 36만회
567,백종원과 한잔 하실 분 구해유🍺 생방송 실시간 술먹방 예고!,조회수 6.4만회
568,콩나물 해장국이 먼저냐 수란이 먼저냐? 아무튼 술 숙취엔 이거 두 개 먹고 시작입니다,조회수 24만회
569,참치김치찌개 끓이기 전에 '이거' 같이 안 해 먹으면 손해!,조회수 49만회
570,제작진놈들의 계속되는 캠핑 강행군에 탈출을 시도하는 도시러버 백종원의 모습입니다,조회수 9.3만회
571,명란대첩 │ 나에게는 아직 12개의 명란이 남아 있쥬~ 부럽쥬?,조회수 12만회
572,백종원 광고 단가 수준,조회수 82만회
573,초코파이탕,조회수 13만회
574,"방년 11세 소년 백종원, 고등어통조림조림을 만들다",조회수 7.3만회
575,"무한동력, 드디어 발견했다! 무한정 들어가는 하이볼+명란 구이로 완성한 무한 음주 공식!",조회수 22만회
576,밥 먹고 바로 빵 먹기 가능? 제대로 끝장 보는 백종원식 풀소유 캠핑 먹부림!,조회수 9만회
577,집종원은 사실 캠핑이 체질? 나 분명 캠핑 싫어하는데 왜 이렇게 잘해!,조회수 15만회
578,나이트에서 짝 찾으려다 맥주만 짝으로 먹고 온 썰,조회수 12만회
579,🦆: 여보 여기 있던 내 알 못 봤어요?│메추리알 장조림,조회수 22만회
580,백종원식 불먹,조회수 76만회
581,🍅케첩이 된 멋쟁이 토마토! 나폴리탄으로 업그레이드해줬습니다!🍅,조회수 12만회
582,오늘따라 야장 가고 싶네... 청양고추 잔뜩 넣은 번데기탕에 감귤 향 터지는 미상 한 병? 오늘 나 집에 안 가!,조회수 8.8만회
583,[제1회 주주총회_EP.3]드디어 증류주 먹는다!🍶 자기야! 내가 원했던 게 이거자나!🙌 취기를 빌려 고백하는 주당들의 술 취향까지😚,조회수 4.9만회
584,[모집 공고] 우리 장사 이야기로 소통 좀 할까요?,조회수 6.9만회
585,단돈 2천원으로 방구석 피서! 다람이 거🐹 도토리🌰 뺏어 만든 쿨내 폴폴❄ 묵사발,조회수 26만회
586,백종원 방송 역사상 가장 힘들었던 프로그램,조회수 28만회
587,92년... 아마 그때 우린 뽀글이에 미쳤었죠,조회수 34만회
588,[제1회 주주총회_EP.2] 팬톤 선정 올해의 컬러 '막걸리 레드'🍓 인★갬성 제대로 즐기는 새콤달콤오색 막걸리 PARTY!🎉,조회수 4.5만회
589,21살 종원의 최애 영화(므흣) #shorts,조회수 26만회
590,세상에서 게맛살 제일 맛있게 먹는 법!(TIP. 에어프라이어로 불맛 내기),조회수 23만회
591,[제1회 주주총회_EP.1] 체내 알코올 농도 100% 주당들의 잔망 넘치는 전통주 시음기,조회수 10만회
592,내가 엘든링 7번 깬 비법,조회수 353만회
593,『흑종원 박제』 좋아요를 눌러 JOY를 표하십시오,조회수 18만회
594,우유 크림 파스타 만들어서 먹어볼 도전자를 찾습니다.,조회수 14만회
595,와우 밥장사로 날리던 백종원이 요즘 하는 게임(결정동굴 이벤트 상품 공개) #shorts,조회수 25만회
596,[바종원 생방송 Full ver.]술자리를 함께 하지 못한 팀원 분들을 위하여,조회수 36만회
597,백종원과 한잔 하실 분 구해유🍺 생방송 실시간 술먹방 예고!,조회수 6.4만회
598,콩나물 해장국이 먼저냐 수란이 먼저냐? 아무튼 술 숙취엔 이거 두 개 먹고 시작입니다,조회수 24만회
599,참치김치찌개 끓이기 전에 '이거' 같이 안 해 먹으면 손해!,조회수 49만회
600,제작진놈들의 계속되는 캠핑 강행군에 탈출을 시도하는 도시러버 백종원의 모습입니다,조회수 9.3만회
601,명란대첩 │ 나에게는 아직 12개의 명란이 남아 있쥬~ 부럽쥬?,조회수 12만회
602,백종원 광고 단가 수준,조회수 82만회
603,초코파이탕,조회수 13만회
604,"방년 11세 소년 백종원, 고등어통조림조림을 만들다",조회수 7.3만회
605,"무한동력, 드디어 발견했다! 무한정 들어가는 하이볼+명란 구이로 완성한 무한 음주 공식!",조회수 22만회
606,밥 먹고 바로 빵 먹기 가능? 제대로 끝장 보는 백종원식 풀소유 캠핑 먹부림!,조회수 9만회
607,집종원은 사실 캠핑이 체질? 나 분명 캠핑 싫어하는데 왜 이렇게 잘해!,조회수 15만회
608,나이트에서 짝 찾으려다 맥주만 짝으로 먹고 온 썰,조회수 12만회
609,🦆: 여보 여기 있던 내 알 못 봤어요?│메추리알 장조림,조회수 22만회
610,백종원식 불먹,조회수 76만회
611,🍅케첩이 된 멋쟁이 토마토! 나폴리탄으로 업그레이드해줬습니다!🍅,조회수 12만회
612,오늘따라 야장 가고 싶네... 청양고추 잔뜩 넣은 번데기탕에 감귤 향 터지는 미상 한 병? 오늘 나 집에 안 가!,조회수 8.8만회
613,[제1회 주주총회_EP.3]드디어 증류주 먹는다!🍶 자기야! 내가 원했던 게 이거자나!🙌 취기를 빌려 고백하는 주당들의 술 취향까지😚,조회수 4.9만회
614,[모집 공고] 우리 장사 이야기로 소통 좀 할까요?,조회수 6.9만회
615,단돈 2천원으로 방구석 피서! 다람이 거🐹 도토리🌰 뺏어 만든 쿨내 폴폴❄ 묵사발,조회수 26만회
616,백종원 방송 역사상 가장 힘들었던 프로그램,조회수 28만회
617,92년... 아마 그때 우린 뽀글이에 미쳤었죠,조회수 34만회
618,[제1회 주주총회_EP.2] 팬톤 선정 올해의 컬러 '막걸리 레드'🍓 인★갬성 제대로 즐기는 새콤달콤오색 막걸리 PARTY!🎉,조회수 4.5만회
619,21살 종원의 최애 영화(므흣) #shorts,조회수 26만회
620,세상에서 게맛살 제일 맛있게 먹는 법!(TIP. 에어프라이어로 불맛 내기),조회수 23만회
621,[제1회 주주총회_EP.1] 체내 알코올 농도 100% 주당들의 잔망 넘치는 전통주 시음기,조회수 10만회
622,내가 엘든링 7번 깬 비법,조회수 353만회
623,『흑종원 박제』 좋아요를 눌러 JOY를 표하십시오,조회수 18만회
624,우유 크림 파스타 만들어서 먹어볼 도전자를 찾습니다.,조회수 14만회
625,와우 밥장사로 날리던 백종원이 요즘 하는 게임(결정동굴 이벤트 상품 공개) #shorts,조회수 25만회
626,[바종원 생방송 Full ver.]술자리를 함께 하지 못한 팀원 분들을 위하여,조회수 36만회
627,백종원과 한잔 하실 분 구해유🍺 생방송 실시간 술먹방 예고!,조회수 6.4만회
628,콩나물 해장국이 먼저냐 수란이 먼저냐? 아무튼 술 숙취엔 이거 두 개 먹고 시작입니다,조회수 24만회
629,참치김치찌개 끓이기 전에 '이거' 같이 안 해 먹으면 손해!,조회수 49만회
630,제작진놈들의 계속되는 캠핑 강행군에 탈출을 시도하는 도시러버 백종원의 모습입니다,조회수 9.3만회
631,명란대첩 │ 나에게는 아직 12개의 명란이 남아 있쥬~ 부럽쥬?,조회수 12만회
632,백종원 광고 단가 수준,조회수 82만회
633,초코파이탕,조회수 13만회
634,"방년 11세 소년 백종원, 고등어통조림조림을 만들다",조회수 7.3만회
635,"무한동력, 드디어 발견했다! 무한정 들어가는 하이볼+명란 구이로 완성한 무한 음주 공식!",조회수 22만회
636,밥 먹고 바로 빵 먹기 가능? 제대로 끝장 보는 백종원식 풀소유 캠핑 먹부림!,조회수 9만회
637,집종원은 사실 캠핑이 체질? 나 분명 캠핑 싫어하는데 왜 이렇게 잘해!,조회수 15만회
638,나이트에서 짝 찾으려다 맥주만 짝으로 먹고 온 썰,조회수 12만회
639,🦆: 여보 여기 있던 내 알 못 봤어요?│메추리알 장조림,조회수 22만회
640,백종원식 불먹,조회수 76만회
641,🍅케첩이 된 멋쟁이 토마토! 나폴리탄으로 업그레이드해줬습니다!🍅,조회수 12만회
642,오늘따라 야장 가고 싶네... 청양고추 잔뜩 넣은 번데기탕에 감귤 향 터지는 미상 한 병? 오늘 나 집에 안 가!,조회수 8.8만회
643,[제1회 주주총회_EP.3]드디어 증류주 먹는다!🍶 자기야! 내가 원했던 게 이거자나!🙌 취기를 빌려 고백하는 주당들의 술 취향까지😚,조회수 4.9만회
644,[모집 공고] 우리 장사 이야기로 소통 좀 할까요?,조회수 6.9만회
645,단돈 2천원으로 방구석 피서! 다람이 거🐹 도토리🌰 뺏어 만든 쿨내 폴폴❄ 묵사발,조회수 26만회
646,백종원 방송 역사상 가장 힘들었던 프로그램,조회수 28만회
647,92년... 아마 그때 우린 뽀글이에 미쳤었죠,조회수 34만회
648,[제1회 주주총회_EP.2] 팬톤 선정 올해의 컬러 '막걸리 레드'🍓 인★갬성 제대로 즐기는 새콤달콤오색 막걸리 PARTY!🎉,조회수 4.5만회
649,21살 종원의 최애 영화(므흣) #shorts,조회수 26만회
650,세상에서 게맛살 제일 맛있게 먹는 법!(TIP. 에어프라이어로 불맛 내기),조회수 23만회
651,[제1회 주주총회_EP.1] 체내 알코올 농도 100% 주당들의 잔망 넘치는 전통주 시음기,조회수 10만회
652,내가 엘든링 7번 깬 비법,조회수 353만회
653,『흑종원 박제』 좋아요를 눌러 JOY를 표하십시오,조회수 18만회
654,우유 크림 파스타 만들어서 먹어볼 도전자를 찾습니다.,조회수 14만회
655,와우 밥장사로 날리던 백종원이 요즘 하는 게임(결정동굴 이벤트 상품 공개) #shorts,조회수 25만회
656,[바종원 생방송 Full ver.]술자리를 함께 하지 못한 팀원 분들을 위하여,조회수 36만회
657,백종원과 한잔 하실 분 구해유🍺 생방송 실시간 술먹방 예고!,조회수 6.4만회
658,콩나물 해장국이 먼저냐 수란이 먼저냐? 아무튼 술 숙취엔 이거 두 개 먹고 시작입니다,조회수 24만회
659,참치김치찌개 끓이기 전에 '이거' 같이 안 해 먹으면 손해!,조회수 49만회
660,제작진놈들의 계속되는 캠핑 강행군에 탈출을 시도하는 도시러버 백종원의 모습입니다,조회수 9.3만회
661,명란대첩 │ 나에게는 아직 12개의 명란이 남아 있쥬~ 부럽쥬?,조회수 12만회
662,백종원 광고 단가 수준,조회수 82만회
663,초코파이탕,조회수 13만회
664,"방년 11세 소년 백종원, 고등어통조림조림을 만들다",조회수 7.3만회
665,"무한동력, 드디어 발견했다! 무한정 들어가는 하이볼+명란 구이로 완성한 무한 음주 공식!",조회수 22만회
666,밥 먹고 바로 빵 먹기 가능? 제대로 끝장 보는 백종원식 풀소유 캠핑 먹부림!,조회수 9만회
667,집종원은 사실 캠핑이 체질? 나 분명 캠핑 싫어하는데 왜 이렇게 잘해!,조회수 15만회
668,나이트에서 짝 찾으려다 맥주만 짝으로 먹고 온 썰,조회수 12만회
669,🦆: 여보 여기 있던 내 알 못 봤어요?│메추리알 장조림,조회수 22만회
670,백종원식 불먹,조회수 76만회
671,🍅케첩이 된 멋쟁이 토마토! 나폴리탄으로 업그레이드해줬습니다!🍅,조회수 12만회
672,오늘따라 야장 가고 싶네... 청양고추 잔뜩 넣은 번데기탕에 감귤 향 터지는 미상 한 병? 오늘 나 집에 안 가!,조회수 8.8만회
673,[제1회 주주총회_EP.3]드디어 증류주 먹는다!🍶 자기야! 내가 원했던 게 이거자나!🙌 취기를 빌려 고백하는 주당들의 술 취향까지😚,조회수 4.9만회
674,[모집 공고] 우리 장사 이야기로 소통 좀 할까요?,조회수 6.9만회
675,단돈 2천원으로 방구석 피서! 다람이 거🐹 도토리🌰 뺏어 만든 쿨내 폴폴❄ 묵사발,조회수 26만회
676,백종원 방송 역사상 가장 힘들었던 프로그램,조회수 28만회
677,92년... 아마 그때 우린 뽀글이에 미쳤었죠,조회수 34만회
678,[제1회 주주총회_EP.2] 팬톤 선정 올해의 컬러 '막걸리 레드'🍓 인★갬성 제대로 즐기는 새콤달콤오색 막걸리 PARTY!🎉,조회수 4.5만회
679,21살 종원의 최애 영화(므흣) #shorts,조회수 26만회
680,세상에서 게맛살 제일 맛있게 먹는 법!(TIP. 에어프라이어로 불맛 내기),조회수 23만회
681,[제1회 주주총회_EP.1] 체내 알코올 농도 100% 주당들의 잔망 넘치는 전통주 시음기,조회수 10만회
682,내가 엘든링 7번 깬 비법,조회수 353만회
683,『흑종원 박제』 좋아요를 눌러 JOY를 표하십시오,조회수 18만회
684,우유 크림 파스타 만들어서 먹어볼 도전자를 찾습니다.,조회수 14만회
685,와우 밥장사로 날리던 백종원이 요즘 하는 게임(결정동굴 이벤트 상품 공개) #shorts,조회수 25만회
686,[바종원 생방송 Full ver.]술자리를 함께 하지 못한 팀원 분들을 위하여,조회수 36만회
687,백종원과 한잔 하실 분 구해유🍺 생방송 실시간 술먹방 예고!,조회수 6.4만회
688,콩나물 해장국이 먼저냐 수란이 먼저냐? 아무튼 술 숙취엔 이거 두 개 먹고 시작입니다,조회수 24만회
689,참치김치찌개 끓이기 전에 '이거' 같이 안 해 먹으면 손해!,조회수 49만회
690,제작진놈들의 계속되는 캠핑 강행군에 탈출을 시도하는 도시러버 백종원의 모습입니다,조회수 9.3만회
691,명란대첩 │ 나에게는 아직 12개의 명란이 남아 있쥬~ 부럽쥬?,조회수 12만회
692,백종원 광고 단가 수준,조회수 82만회
693,초코파이탕,조회수 13만회
694,"방년 11세 소년 백종원, 고등어통조림조림을 만들다",조회수 7.3만회
695,"무한동력, 드디어 발견했다! 무한정 들어가는 하이볼+명란 구이로 완성한 무한 음주 공식!",조회수 22만회
696,밥 먹고 바로 빵 먹기 가능? 제대로 끝장 보는 백종원식 풀소유 캠핑 먹부림!,조회수 9만회
697,집종원은 사실 캠핑이 체질? 나 분명 캠핑 싫어하는데 왜 이렇게 잘해!,조회수 15만회
698,나이트에서 짝 찾으려다 맥주만 짝으로 먹고 온 썰,조회수 12만회
699,🦆: 여보 여기 있던 내 알 못 봤어요?│메추리알 장조림,조회수 22만회
700,백종원식 불먹,조회수 76만회
701,🍅케첩이 된 멋쟁이 토마토! 나폴리탄으로 업그레이드해줬습니다!🍅,조회수 12만회
702,오늘따라 야장 가고 싶네... 청양고추 잔뜩 넣은 번데기탕에 감귤 향 터지는 미상 한 병? 오늘 나 집에 안 가!,조회수 8.8만회
703,[제1회 주주총회_EP.3]드디어 증류주 먹는다!🍶 자기야! 내가 원했던 게 이거자나!🙌 취기를 빌려 고백하는 주당들의 술 취향까지😚,조회수 4.9만회
704,[모집 공고] 우리 장사 이야기로 소통 좀 할까요?,조회수 6.9만회
705,단돈 2천원으로 방구석 피서! 다람이 거🐹 도토리🌰 뺏어 만든 쿨내 폴폴❄ 묵사발,조회수 26만회
706,백종원 방송 역사상 가장 힘들었던 프로그램,조회수 28만회
707,92년... 아마 그때 우린 뽀글이에 미쳤었죠,조회수 34만회
708,[제1회 주주총회_EP.2] 팬톤 선정 올해의 컬러 '막걸리 레드'🍓 인★갬성 제대로 즐기는 새콤달콤오색 막걸리 PARTY!🎉,조회수 4.5만회
709,21살 종원의 최애 영화(므흣) #shorts,조회수 26만회
710,세상에서 게맛살 제일 맛있게 먹는 법!(TIP. 에어프라이어로 불맛 내기),조회수 23만회
711,[제1회 주주총회_EP.1] 체내 알코올 농도 100% 주당들의 잔망 넘치는 전통주 시음기,조회수 10만회
712,내가 엘든링 7번 깬 비법,조회수 353만회
713,『흑종원 박제』 좋아요를 눌러 JOY를 표하십시오,조회수 18만회
714,우유 크림 파스타 만들어서 먹어볼 도전자를 찾습니다.,조회수 14만회
715,와우 밥장사로 날리던 백종원이 요즘 하는 게임(결정동굴 이벤트 상품 공개) #shorts,조회수 25만회
716,[바종원 생방송 Full ver.]술자리를 함께 하지 못한 팀원 분들을 위하여,조회수 36만회
717,백종원과 한잔 하실 분 구해유🍺 생방송 실시간 술먹방 예고!,조회수 6.4만회
718,콩나물 해장국이 먼저냐 수란이 먼저냐? 아무튼 술 숙취엔 이거 두 개 먹고 시작입니다,조회수 24만회
719,참치김치찌개 끓이기 전에 '이거' 같이 안 해 먹으면 손해!,조회수 49만회
720,제작진놈들의 계속되는 캠핑 강행군에 탈출을 시도하는 도시러버 백종원의 모습입니다,조회수 9.3만회
721,명란대첩 │ 나에게는 아직 12개의 명란이 남아 있쥬~ 부럽쥬?,조회수 12만회
722,백종원 광고 단가 수준,조회수 82만회
723,초코파이탕,조회수 13만회
724,"방년 11세 소년 백종원, 고등어통조림조림을 만들다",조회수 7.3만회
725,"무한동력, 드디어 발견했다! 무한정 들어가는 하이볼+명란 구이로 완성한 무한 음주 공식!",조회수 22만회
726,밥 먹고 바로 빵 먹기 가능? 제대로 끝장 보는 백종원식 풀소유 캠핑 먹부림!,조회수 9만회
727,집종원은 사실 캠핑이 체질? 나 분명 캠핑 싫어하는데 왜 이렇게 잘해!,조회수 15만회
728,나이트에서 짝 찾으려다 맥주만 짝으로 먹고 온 썰,조회수 12만회
729,🦆: 여보 여기 있던 내 알 못 봤어요?│메추리알 장조림,조회수 22만회
730,백종원식 불먹,조회수 76만회
731,🍅케첩이 된 멋쟁이 토마토! 나폴리탄으로 업그레이드해줬습니다!🍅,조회수 12만회
732,오늘따라 야장 가고 싶네... 청양고추 잔뜩 넣은 번데기탕에 감귤 향 터지는 미상 한 병? 오늘 나 집에 안 가!,조회수 8.8만회
733,[제1회 주주총회_EP.3]드디어 증류주 먹는다!🍶 자기야! 내가 원했던 게 이거자나!🙌 취기를 빌려 고백하는 주당들의 술 취향까지😚,조회수 4.9만회
734,[모집 공고] 우리 장사 이야기로 소통 좀 할까요?,조회수 6.9만회
735,단돈 2천원으로 방구석 피서! 다람이 거🐹 도토리🌰 뺏어 만든 쿨내 폴폴❄ 묵사발,조회수 26만회
736,백종원 방송 역사상 가장 힘들었던 프로그램,조회수 28만회
737,92년... 아마 그때 우린 뽀글이에 미쳤었죠,조회수 34만회
738,[제1회 주주총회_EP.2] 팬톤 선정 올해의 컬러 '막걸리 레드'🍓 인★갬성 제대로 즐기는 새콤달콤오색 막걸리 PARTY!🎉,조회수 4.5만회
739,21살 종원의 최애 영화(므흣) #shorts,조회수 26만회
740,세상에서 게맛살 제일 맛있게 먹는 법!(TIP. 에어프라이어로 불맛 내기),조회수 23만회
741,[제1회 주주총회_EP.1] 체내 알코올 농도 100% 주당들의 잔망 넘치는 전통주 시음기,조회수 10만회
742,내가 엘든링 7번 깬 비법,조회수 353만회
743,『흑종원 박제』 좋아요를 눌러 JOY를 표하십시오,조회수 18만회
744,우유 크림 파스타 만들어서 먹어볼 도전자를 찾습니다.,조회수 14만회
745,와우 밥장사로 날리던 백종원이 요즘 하는 게임(결정동굴 이벤트 상품 공개) #shorts,조회수 25만회
746,[바종원 생방송 Full ver.]술자리를 함께 하지 못한 팀원 분들을 위하여,조회수 36만회
747,백종원과 한잔 하실 분 구해유🍺 생방송 실시간 술먹방 예고!,조회수 6.4만회
748,콩나물 해장국이 먼저냐 수란이 먼저냐? 아무튼 술 숙취엔 이거 두 개 먹고 시작입니다,조회수 24만회
749,참치김치찌개 끓이기 전에 '이거' 같이 안 해 먹으면 손해!,조회수 49만회
750,제작진놈들의 계속되는 캠핑 강행군에 탈출을 시도하는 도시러버 백종원의 모습입니다,조회수 9.3만회
751,명란대첩 │ 나에게는 아직 12개의 명란이 남아 있쥬~ 부럽쥬?,조회수 12만회
752,백종원 광고 단가 수준,조회수 82만회
753,초코파이탕,조회수 13만회
754,"방년 11세 소년 백종원, 고등어통조림조림을 만들다",조회수 7.3만회
755,"무한동력, 드디어 발견했다! 무한정 들어가는 하이볼+명란 구이로 완성한 무한 음주 공식!",조회수 22만회
756,밥 먹고 바로 빵 먹기 가능? 제대로 끝장 보는 백종원식 풀소유 캠핑 먹부림!,조회수 9만회
757,집종원은 사실 캠핑이 체질? 나 분명 캠핑 싫어하는데 왜 이렇게 잘해!,조회수 15만회
758,나이트에서 짝 찾으려다 맥주만 짝으로 먹고 온 썰,조회수 12만회
759,🦆: 여보 여기 있던 내 알 못 봤어요?│메추리알 장조림,조회수 22만회
760,백종원식 불먹,조회수 76만회
761,🍅케첩이 된 멋쟁이 토마토! 나폴리탄으로 업그레이드해줬습니다!🍅,조회수 12만회
762,오늘따라 야장 가고 싶네... 청양고추 잔뜩 넣은 번데기탕에 감귤 향 터지는 미상 한 병? 오늘 나 집에 안 가!,조회수 8.8만회
763,[제1회 주주총회_EP.3]드디어 증류주 먹는다!🍶 자기야! 내가 원했던 게 이거자나!🙌 취기를 빌려 고백하는 주당들의 술 취향까지😚,조회수 4.9만회
764,[모집 공고] 우리 장사 이야기로 소통 좀 할까요?,조회수 6.9만회
765,단돈 2천원으로 방구석 피서! 다람이 거🐹 도토리🌰 뺏어 만든 쿨내 폴폴❄ 묵사발,조회수 26만회
766,백종원 방송 역사상 가장 힘들었던 프로그램,조회수 28만회
767,92년... 아마 그때 우린 뽀글이에 미쳤었죠,조회수 34만회
768,[제1회 주주총회_EP.2] 팬톤 선정 올해의 컬러 '막걸리 레드'🍓 인★갬성 제대로 즐기는 새콤달콤오색 막걸리 PARTY!🎉,조회수 4.5만회
769,21살 종원의 최애 영화(므흣) #shorts,조회수 26만회
770,세상에서 게맛살 제일 맛있게 먹는 법!(TIP. 에어프라이어로 불맛 내기),조회수 23만회
771,[제1회 주주총회_EP.1] 체내 알코올 농도 100% 주당들의 잔망 넘치는 전통주 시음기,조회수 10만회
772,내가 엘든링 7번 깬 비법,조회수 353만회
773,『흑종원 박제』 좋아요를 눌러 JOY를 표하십시오,조회수 18만회
774,우유 크림 파스타 만들어서 먹어볼 도전자를 찾습니다.,조회수 14만회
775,와우 밥장사로 날리던 백종원이 요즘 하는 게임(결정동굴 이벤트 상품 공개) #shorts,조회수 25만회
776,[바종원 생방송 Full ver.]술자리를 함께 하지 못한 팀원 분들을 위하여,조회수 36만회
777,백종원과 한잔 하실 분 구해유🍺 생방송 실시간 술먹방 예고!,조회수 6.4만회
778,콩나물 해장국이 먼저냐 수란이 먼저냐? 아무튼 술 숙취엔 이거 두 개 먹고 시작입니다,조회수 24만회
779,참치김치찌개 끓이기 전에 '이거' 같이 안 해 먹으면 손해!,조회수 49만회
780,제작진놈들의 계속되는 캠핑 강행군에 탈출을 시도하는 도시러버 백종원의 모습입니다,조회수 9.3만회
781,명란대첩 │ 나에게는 아직 12개의 명란이 남아 있쥬~ 부럽쥬?,조회수 12만회
782,백종원 광고 단가 수준,조회수 82만회
783,초코파이탕,조회수 13만회
784,"방년 11세 소년 백종원, 고등어통조림조림을 만들다",조회수 7.3만회
785,"무한동력, 드디어 발견했다! 무한정 들어가는 하이볼+명란 구이로 완성한 무한 음주 공식!",조회수 22만회
786,밥 먹고 바로 빵 먹기 가능? 제대로 끝장 보는 백종원식 풀소유 캠핑 먹부림!,조회수 9만회
787,집종원은 사실 캠핑이 체질? 나 분명 캠핑 싫어하는데 왜 이렇게 잘해!,조회수 15만회
788,나이트에서 짝 찾으려다 맥주만 짝으로 먹고 온 썰,조회수 12만회
789,🦆: 여보 여기 있던 내 알 못 봤어요?│메추리알 장조림,조회수 22만회
790,백종원식 불먹,조회수 76만회
791,🍅케첩이 된 멋쟁이 토마토! 나폴리탄으로 업그레이드해줬습니다!🍅,조회수 12만회
792,오늘따라 야장 가고 싶네... 청양고추 잔뜩 넣은 번데기탕에 감귤 향 터지는 미상 한 병? 오늘 나 집에 안 가!,조회수 8.8만회
793,[제1회 주주총회_EP.3]드디어 증류주 먹는다!🍶 자기야! 내가 원했던 게 이거자나!🙌 취기를 빌려 고백하는 주당들의 술 취향까지😚,조회수 4.9만회
794,[모집 공고] 우리 장사 이야기로 소통 좀 할까요?,조회수 6.9만회
795,단돈 2천원으로 방구석 피서! 다람이 거🐹 도토리🌰 뺏어 만든 쿨내 폴폴❄ 묵사발,조회수 26만회
796,백종원 방송 역사상 가장 힘들었던 프로그램,조회수 28만회
797,92년... 아마 그때 우린 뽀글이에 미쳤었죠,조회수 34만회
798,[제1회 주주총회_EP.2] 팬톤 선정 올해의 컬러 '막걸리 레드'🍓 인★갬성 제대로 즐기는 새콤달콤오색 막걸리 PARTY!🎉,조회수 4.5만회
799,21살 종원의 최애 영화(므흣) #shorts,조회수 26만회
800,세상에서 게맛살 제일 맛있게 먹는 법!(TIP. 에어프라이어로 불맛 내기),조회수 23만회
801,[제1회 주주총회_EP.1] 체내 알코올 농도 100% 주당들의 잔망 넘치는 전통주 시음기,조회수 10만회
802,내가 엘든링 7번 깬 비법,조회수 353만회
803,『흑종원 박제』 좋아요를 눌러 JOY를 표하십시오,조회수 18만회
804,우유 크림 파스타 만들어서 먹어볼 도전자를 찾습니다.,조회수 14만회
805,와우 밥장사로 날리던 백종원이 요즘 하는 게임(결정동굴 이벤트 상품 공개) #shorts,조회수 25만회
806,[바종원 생방송 Full ver.]술자리를 함께 하지 못한 팀원 분들을 위하여,조회수 36만회
807,백종원과 한잔 하실 분 구해유🍺 생방송 실시간 술먹방 예고!,조회수 6.4만회
808,콩나물 해장국이 먼저냐 수란이 먼저냐? 아무튼 술 숙취엔 이거 두 개 먹고 시작입니다,조회수 24만회
809,참치김치찌개 끓이기 전에 '이거' 같이 안 해 먹으면 손해!,조회수 49만회
810,제작진놈들의 계속되는 캠핑 강행군에 탈출을 시도하는 도시러버 백종원의 모습입니다,조회수 9.3만회
811,명란대첩 │ 나에게는 아직 12개의 명란이 남아 있쥬~ 부럽쥬?,조회수 12만회
812,백종원 광고 단가 수준,조회수 82만회
813,초코파이탕,조회수 13만회
814,"방년 11세 소년 백종원, 고등어통조림조림을 만들다",조회수 7.3만회
815,"무한동력, 드디어 발견했다! 무한정 들어가는 하이볼+명란 구이로 완성한 무한 음주 공식!",조회수 22만회
816,밥 먹고 바로 빵 먹기 가능? 제대로 끝장 보는 백종원식 풀소유 캠핑 먹부림!,조회수 9만회
817,집종원은 사실 캠핑이 체질? 나 분명 캠핑 싫어하는데 왜 이렇게 잘해!,조회수 15만회
818,나이트에서 짝 찾으려다 맥주만 짝으로 먹고 온 썰,조회수 12만회
819,🦆: 여보 여기 있던 내 알 못 봤어요?│메추리알 장조림,조회수 22만회
820,백종원식 불먹,조회수 76만회
821,🍅케첩이 된 멋쟁이 토마토! 나폴리탄으로 업그레이드해줬습니다!🍅,조회수 12만회
822,오늘따라 야장 가고 싶네... 청양고추 잔뜩 넣은 번데기탕에 감귤 향 터지는 미상 한 병? 오늘 나 집에 안 가!,조회수 8.8만회
823,[제1회 주주총회_EP.3]드디어 증류주 먹는다!🍶 자기야! 내가 원했던 게 이거자나!🙌 취기를 빌려 고백하는 주당들의 술 취향까지😚,조회수 4.9만회
824,[모집 공고] 우리 장사 이야기로 소통 좀 할까요?,조회수 6.9만회
825,단돈 2천원으로 방구석 피서! 다람이 거🐹 도토리🌰 뺏어 만든 쿨내 폴폴❄ 묵사발,조회수 26만회
826,백종원 방송 역사상 가장 힘들었던 프로그램,조회수 28만회
827,92년... 아마 그때 우린 뽀글이에 미쳤었죠,조회수 34만회
828,[제1회 주주총회_EP.2] 팬톤 선정 올해의 컬러 '막걸리 레드'🍓 인★갬성 제대로 즐기는 새콤달콤오색 막걸리 PARTY!🎉,조회수 4.5만회
829,21살 종원의 최애 영화(므흣) #shorts,조회수 26만회
830,세상에서 게맛살 제일 맛있게 먹는 법!(TIP. 에어프라이어로 불맛 내기),조회수 23만회
831,[제1회 주주총회_EP.1] 체내 알코올 농도 100% 주당들의 잔망 넘치는 전통주 시음기,조회수 10만회
832,내가 엘든링 7번 깬 비법,조회수 353만회
833,『흑종원 박제』 좋아요를 눌러 JOY를 표하십시오,조회수 18만회
834,우유 크림 파스타 만들어서 먹어볼 도전자를 찾습니다.,조회수 14만회
835,와우 밥장사로 날리던 백종원이 요즘 하는 게임(결정동굴 이벤트 상품 공개) #shorts,조회수 25만회
836,[바종원 생방송 Full ver.]술자리를 함께 하지 못한 팀원 분들을 위하여,조회수 36만회
837,백종원과 한잔 하실 분 구해유🍺 생방송 실시간 술먹방 예고!,조회수 6.4만회
838,콩나물 해장국이 먼저냐 수란이 먼저냐? 아무튼 술 숙취엔 이거 두 개 먹고 시작입니다,조회수 24만회
839,참치김치찌개 끓이기 전에 '이거' 같이 안 해 먹으면 손해!,조회수 49만회
840,제작진놈들의 계속되는 캠핑 강행군에 탈출을 시도하는 도시러버 백종원의 모습입니다,조회수 9.3만회
841,명란대첩 │ 나에게는 아직 12개의 명란이 남아 있쥬~ 부럽쥬?,조회수 12만회
842,백종원 광고 단가 수준,조회수 82만회
843,초코파이탕,조회수 13만회
844,"방년 11세 소년 백종원, 고등어통조림조림을 만들다",조회수 7.3만회
845,"무한동력, 드디어 발견했다! 무한정 들어가는 하이볼+명란 구이로 완성한 무한 음주 공식!",조회수 22만회
846,밥 먹고 바로 빵 먹기 가능? 제대로 끝장 보는 백종원식 풀소유 캠핑 먹부림!,조회수 9만회
847,집종원은 사실 캠핑이 체질? 나 분명 캠핑 싫어하는데 왜 이렇게 잘해!,조회수 15만회
848,나이트에서 짝 찾으려다 맥주만 짝으로 먹고 온 썰,조회수 12만회
849,🦆: 여보 여기 있던 내 알 못 봤어요?│메추리알 장조림,조회수 22만회
850,백종원식 불먹,조회수 76만회
851,🍅케첩이 된 멋쟁이 토마토! 나폴리탄으로 업그레이드해줬습니다!🍅,조회수 12만회
852,오늘따라 야장 가고 싶네... 청양고추 잔뜩 넣은 번데기탕에 감귤 향 터지는 미상 한 병? 오늘 나 집에 안 가!,조회수 8.8만회
853,[제1회 주주총회_EP.3]드디어 증류주 먹는다!🍶 자기야! 내가 원했던 게 이거자나!🙌 취기를 빌려 고백하는 주당들의 술 취향까지😚,조회수 4.9만회
854,[모집 공고] 우리 장사 이야기로 소통 좀 할까요?,조회수 6.9만회
855,단돈 2천원으로 방구석 피서! 다람이 거🐹 도토리🌰 뺏어 만든 쿨내 폴폴❄ 묵사발,조회수 26만회
856,백종원 방송 역사상 가장 힘들었던 프로그램,조회수 28만회
857,92년... 아마 그때 우린 뽀글이에 미쳤었죠,조회수 34만회
858,[제1회 주주총회_EP.2] 팬톤 선정 올해의 컬러 '막걸리 레드'🍓 인★갬성 제대로 즐기는 새콤달콤오색 막걸리 PARTY!🎉,조회수 4.5만회
859,21살 종원의 최애 영화(므흣) #shorts,조회수 26만회
860,세상에서 게맛살 제일 맛있게 먹는 법!(TIP. 에어프라이어로 불맛 내기),조회수 23만회
861,[제1회 주주총회_EP.1] 체내 알코올 농도 100% 주당들의 잔망 넘치는 전통주 시음기,조회수 10만회
862,내가 엘든링 7번 깬 비법,조회수 353만회
863,『흑종원 박제』 좋아요를 눌러 JOY를 표하십시오,조회수 18만회
864,우유 크림 파스타 만들어서 먹어볼 도전자를 찾습니다.,조회수 14만회
865,와우 밥장사로 날리던 백종원이 요즘 하는 게임(결정동굴 이벤트 상품 공개) #shorts,조회수 25만회
866,[바종원 생방송 Full ver.]술자리를 함께 하지 못한 팀원 분들을 위하여,조회수 36만회
867,백종원과 한잔 하실 분 구해유🍺 생방송 실시간 술먹방 예고!,조회수 6.4만회
868,콩나물 해장국이 먼저냐 수란이 먼저냐? 아무튼 술 숙취엔 이거 두 개 먹고 시작입니다,조회수 24만회
869,참치김치찌개 끓이기 전에 '이거' 같이 안 해 먹으면 손해!,조회수 49만회
870,제작진놈들의 계속되는 캠핑 강행군에 탈출을 시도하는 도시러버 백종원의 모습입니다,조회수 9.3만회
871,명란대첩 │ 나에게는 아직 12개의 명란이 남아 있쥬~ 부럽쥬?,조회수 12만회
872,백종원 광고 단가 수준,조회수 82만회
873,초코파이탕,조회수 13만회
874,"방년 11세 소년 백종원, 고등어통조림조림을 만들다",조회수 7.3만회
875,"무한동력, 드디어 발견했다! 무한정 들어가는 하이볼+명란 구이로 완성한 무한 음주 공식!",조회수 22만회
876,밥 먹고 바로 빵 먹기 가능? 제대로 끝장 보는 백종원식 풀소유 캠핑 먹부림!,조회수 9만회
877,집종원은 사실 캠핑이 체질? 나 분명 캠핑 싫어하는데 왜 이렇게 잘해!,조회수 15만회
878,나이트에서 짝 찾으려다 맥주만 짝으로 먹고 온 썰,조회수 12만회
879,🦆: 여보 여기 있던 내 알 못 봤어요?│메추리알 장조림,조회수 22만회
880,백종원식 불먹,조회수 76만회
881,🍅케첩이 된 멋쟁이 토마토! 나폴리탄으로 업그레이드해줬습니다!🍅,조회수 12만회
882,오늘따라 야장 가고 싶네... 청양고추 잔뜩 넣은 번데기탕에 감귤 향 터지는 미상 한 병? 오늘 나 집에 안 가!,조회수 8.8만회
883,[제1회 주주총회_EP.3]드디어 증류주 먹는다!🍶 자기야! 내가 원했던 게 이거자나!🙌 취기를 빌려 고백하는 주당들의 술 취향까지😚,조회수 4.9만회
884,[모집 공고] 우리 장사 이야기로 소통 좀 할까요?,조회수 6.9만회
885,단돈 2천원으로 방구석 피서! 다람이 거🐹 도토리🌰 뺏어 만든 쿨내 폴폴❄ 묵사발,조회수 26만회
886,백종원 방송 역사상 가장 힘들었던 프로그램,조회수 28만회
887,92년... 아마 그때 우린 뽀글이에 미쳤었죠,조회수 34만회
888,[제1회 주주총회_EP.2] 팬톤 선정 올해의 컬러 '막걸리 레드'🍓 인★갬성 제대로 즐기는 새콤달콤오색 막걸리 PARTY!🎉,조회수 4.5만회
889,21살 종원의 최애 영화(므흣) #shorts,조회수 26만회
890,세상에서 게맛살 제일 맛있게 먹는 법!(TIP. 에어프라이어로 불맛 내기),조회수 23만회
891,[제1회 주주총회_EP.1] 체내 알코올 농도 100% 주당들의 잔망 넘치는 전통주 시음기,조회수 10만회
892,내가 엘든링 7번 깬 비법,조회수 353만회
893,『흑종원 박제』 좋아요를 눌러 JOY를 표하십시오,조회수 18만회
894,우유 크림 파스타 만들어서 먹어볼 도전자를 찾습니다.,조회수 14만회
895,와우 밥장사로 날리던 백종원이 요즘 하는 게임(결정동굴 이벤트 상품 공개) #shorts,조회수 25만회
896,[바종원 생방송 Full ver.]술자리를 함께 하지 못한 팀원 분들을 위하여,조회수 36만회
897,백종원과 한잔 하실 분 구해유🍺 생방송 실시간 술먹방 예고!,조회수 6.4만회
898,콩나물 해장국이 먼저냐 수란이 먼저냐? 아무튼 술 숙취엔 이거 두 개 먹고 시작입니다,조회수 24만회
899,참치김치찌개 끓이기 전에 '이거' 같이 안 해 먹으면 손해!,조회수 49만회
