,siguCd,siguNm,dongCd,dongNm,orgAreaNm,gb,ph,td,jy,ec,tp,sopCheck
1,710,기장군,330,철마면,고촌배수지,배수지,7.06,0.05,0.16,179.36,24.30,정상
2,710,기장군,330,철마면,정관(택지)고지배수지,배수지,7.11,0.07,0.16,-,-,정상
3,710,기장군,330,철마면,철마면,블록,7.46,0.04,0.49,209.44,26.30,정상
4,710,기장군,310,일광면,화명정수장,정수장,6.96,0.19,0.73,-,-,정상
6,710,기장군,310,일광면,좌동2배수지,배수지,7.13,0.14,0.32,230.33,29.40,정상
7,710,기장군,310,일광면,일광읍,블록,7.14,0.04,0.38,-,8.78,정상
9,710,기장군,256,정관읍,정관(택지)저지배수지,배수지,7.56,0.04,0.37,208.13,26.55,정상
10,710,기장군,256,정관읍,정관산단배수지,배수지,7.32,0.05,0.26,167.10,26.45,정상
11,710,기장군,256,정관읍,정관(택지)고지배수지,배수지,7.11,0.07,0.16,-,-,정상
12,710,기장군,256,정관읍,정관읍,블록,7.26,0.05,0.28,215.28,26.00,정상
13,710,기장군,253,장안읍,화명정수장,정수장,6.96,0.19,0.73,-,-,정상
15,710,기장군,253,장안읍,좌동2배수지,배수지,7.13,0.14,0.32,230.33,29.40,정상
16,710,기장군,253,장안읍,장안읍,블록,7.14,0.04,0.38,-,8.78,정상
17,710,기장군,250,기장읍,화명정수장,정수장,6.96,0.19,0.73,-,-,정상
19,710,기장군,250,기장읍,좌동2배수지,배수지,7.13,0.14,0.32,230.33,29.40,정상
20,710,기장군,250,기장읍,기장읍,블록,6.87,0.11,0.28,371.54,30.28,정상
21,530,사상구,680,엄궁동,덕산정수장,정수장,6.70,0.12,1.04,-,-,정상
22,530,사상구,680,엄궁동,사상가압장(기설),가압장,7.10,0.10,0.69,257.33,27.45,정상
23,530,사상구,680,엄궁동,엄궁배수지,배수지,7.17,0.13,0.37,-,-,정상
24,530,사상구,680,엄궁동,엄궁동,블록,7.27,0.11,0.44,273.50,28.95,정상
25,530,사상구,670,학장동,덕산정수장,정수장,6.70,0.12,1.04,-,-,정상
26,530,사상구,670,학장동,학장동,블록,7.32,0.10,0.41,295.36,29.96,정상
27,530,사상구,661,주례3동,덕산정수장,정수장,6.70,0.12,1.04,-,-,정상
28,530,사상구,660,주례2동,덕산정수장,정수장,6.70,0.12,1.04,-,-,정상
29,530,사상구,660,주례2동,사상가압장(신설),가압장,7.13,0.10,0.73,239.27,28.95,정상
30,530,사상구,660,주례2동,수정산터널배수지,배수지,7.21,0.16,0.43,-,-,정상
31,530,사상구,650,주례1동,덕산정수장,정수장,6.70,0.12,1.04,-,-,정상
32,530,사상구,650,주례1동,사상가압장(신설),가압장,7.13,0.10,0.73,239.27,28.95,정상
33,530,사상구,650,주례1동,주례1배수지,배수지,7.65,0.07,0.16,283.80,28.85,정상
34,530,사상구,650,주례1동,주례1동,블록,7.33,0.13,0.63,297.83,28.98,정상
35,530,사상구,645,감전동,덕산정수장,정수장,6.70,0.12,1.04,-,-,정상
37,530,사상구,620,괘법동,덕산정수장,정수장,6.70,0.12,1.04,-,-,정상
39,530,사상구,610,덕포2동,덕산정수장,정수장,6.70,0.12,1.04,-,-,정상
40,530,사상구,610,덕포2동,사상가압장(신설),가압장,7.13,0.10,0.73,239.27,28.95,정상
42,530,사상구,610,덕포2동,덕포2동,블록,7.32,0.07,0.49,261.55,28.47,정상
43,530,사상구,600,덕포1동,덕산정수장,정수장,6.70,0.12,1.04,-,-,정상
44,530,사상구,593,모라3동,덕산정수장,정수장,6.70,0.12,1.04,-,-,정상
45,530,사상구,593,모라3동,사상가압장(신설),가압장,7.13,0.10,0.73,239.27,28.95,정상
46,530,사상구,592,모라2동,덕산정수장,정수장,6.70,0.12,1.04,-,-,정상
47,530,사상구,592,모라2동,사상가압장(신설),가압장,7.13,0.10,0.73,239.27,28.95,정상
48,530,사상구,591,모라1동,덕산정수장,정수장,6.70,0.12,1.04,-,-,정상
49,530,사상구,591,모라1동,사상가압장(신설),가압장,7.13,0.10,0.73,239.27,28.95,정상
51,530,사상구,580,삼락동,덕산정수장,정수장,6.70,0.12,1.04,-,-,정상
52,500,수영구,800,민락동,화명정수장,정수장,6.96,0.19,0.73,-,-,정상
54,500,수영구,800,민락동,민락동,블록,7.16,0.17,0.26,292.03,30.00,정상
55,500,수영구,790,광안4동,화명정수장,정수장,6.96,0.19,0.73,-,-,정상
57,500,수영구,780,광안3동,화명정수장,정수장,6.96,0.19,0.73,-,-,정상
59,500,수영구,780,광안3동,광안3동,블록,7.63,0.14,0.14,238.80,30.30,정상
60,500,수영구,770,광안2동,화명정수장,정수장,6.96,0.19,0.73,-,-,정상
62,500,수영구,760,광안1동,화명정수장,정수장,6.96,0.19,0.73,-,-,정상
65,500,수영구,750,망미2동,화명정수장,정수장,6.96,0.19,0.73,-,-,정상
67,500,수영구,750,망미2동,명장배수지,배수지,7.60,0.04,0.49,243.20,26.70,정상
68,500,수영구,740,망미1동,화명정수장,정수장,6.96,0.19,0.73,-,-,정상
70,500,수영구,740,망미1동,망미배수지,배수지,7.31,0.08,0.28,-,-,정상
71,500,수영구,740,망미1동,연산배수지,배수지,7.10,0.14,0.22,224.91,29.57,정상
72,500,수영구,740,망미1동,망미1동,블록,7.63,0.14,0.14,238.80,30.30,정상
73,500,수영구,730,수영동,화명정수장,정수장,6.96,0.19,0.73,-,-,정상
75,500,수영구,670,남천2동,화명정수장,정수장,6.96,0.19,0.73,-,-,정상
77,500,수영구,670,남천2동,남천2동,블록,7.70,0.19,0.25,-,-,정상
78,500,수영구,660,남천1동,화명정수장,정수장,6.96,0.19,0.73,-,-,정상
80,500,수영구,660,남천1동,남천1동,블록,7.70,0.19,0.25,-,-,정상
82,470,연제구,730,연산9동,화명정수장,정수장,6.96,0.19,0.73,-,-,정상
84,470,연제구,730,연산9동,명장배수지,배수지,7.60,0.04,0.49,243.20,26.70,정상
85,470,연제구,730,연산9동,연산배수지,배수지,7.10,0.14,0.22,224.91,29.57,정상
86,470,연제구,730,연산9동,연산9동,블록,7.17,0.14,0.68,82.56,30.85,정상
87,470,연제구,720,연산8동,화명정수장,정수장,6.96,0.19,0.73,-,-,정상
89,470,연제구,720,연산8동,연산8동,블록,6.81,0.14,0.08,310.17,30.85,정상
90,470,연제구,700,연산6동,화명정수장,정수장,6.96,0.19,0.73,-,-,정상
92,470,연제구,690,연산5동,덕산정수장,정수장,6.70,0.12,1.04,-,-,정상
93,470,연제구,690,연산5동,화명정수장,정수장,6.96,0.19,0.73,-,-,정상
95,470,연제구,690,연산5동,사상가압장(신설),가압장,7.13,0.10,0.73,239.27,28.95,정상
96,470,연제구,680,연산4동,화명정수장,정수장,6.96,0.19,0.73,-,-,정상
98,470,연제구,670,연산3동,화명정수장,정수장,6.96,0.19,0.73,-,-,정상
100,470,연제구,670,연산3동,연산배수지,배수지,7.10,0.14,0.22,224.91,29.57,정상
101,470,연제구,660,연산2동,화명정수장,정수장,6.96,0.19,0.73,-,-,정상
103,470,연제구,660,연산2동,연산배수지,배수지,7.10,0.14,0.22,224.91,29.57,정상
104,470,연제구,650,연산1동,화명정수장,정수장,6.96,0.19,0.73,-,-,정상
106,470,연제구,640,거제4동,화명정수장,정수장,6.96,0.19,0.73,-,-,정상
108,470,연제구,640,거제4동,거제배수지,배수지,6.86,0.08,0.09,-,-,정상
109,470,연제구,630,거제3동,덕산정수장,정수장,6.70,0.12,1.04,-,-,정상
110,470,연제구,630,거제3동,사상가압장(신설),가압장,7.13,0.10,0.73,239.27,28.95,정상
111,470,연제구,620,거제2동,덕산정수장,정수장,6.70,0.12,1.04,-,-,정상
112,470,연제구,620,거제2동,화명정수장,정수장,6.96,0.19,0.73,-,-,정상
114,470,연제구,620,거제2동,사상가압장(신설),가압장,7.13,0.10,0.73,239.27,28.95,정상
115,470,연제구,620,거제2동,거제배수지,배수지,6.86,0.08,0.09,-,-,정상
116,470,연제구,610,거제1동,덕산정수장,정수장,6.70,0.12,1.04,-,-,정상
117,470,연제구,610,거제1동,화명정수장,정수장,6.96,0.19,0.73,-,-,정상
119,470,연제구,610,거제1동,사상가압장(신설),가압장,7.13,0.10,0.73,239.27,28.95,정상
120,440,강서구,560,녹산동,덕산정수장,정수장,6.70,0.12,1.04,-,-,정상
121,440,강서구,560,녹산동,녹산배수지,배수지,7.20,0.17,0.41,-,-,정상
122,440,강서구,560,녹산동,지사생활용수배수지,배수지,7.17,0.09,0.32,-,-,정상
123,440,강서구,560,녹산동,녹산동,블록,7.21,0.08,0.49,281.32,28.10,정상
124,440,강서구,550,가락동,덕산정수장,정수장,6.70,0.12,1.04,-,-,정상
125,440,강서구,540,명지동,덕산정수장,정수장,6.70,0.12,1.04,-,-,정상
126,440,강서구,540,명지동,명지동,블록,6.92,0.19,0.43,-,-,정상
127,440,강서구,530,강동동,덕산정수장,정수장,6.70,0.12,1.04,-,-,정상
128,440,강서구,530,강동동,강동동,블록,6.92,0.19,0.43,-,-,정상
129,440,강서구,520,대저2동,덕산정수장,정수장,6.70,0.12,1.04,-,-,정상
130,440,강서구,520,대저2동,대저2동,블록,7.63,0.21,0.77,-,-,정상
131,440,강서구,510,대저1동,덕산정수장,정수장,6.70,0.12,1.04,-,-,정상
132,440,강서구,510,대저1동,대저1동,블록,7.63,0.21,0.77,-,-,정상
133,410,금정구,700,금성동,화명정수장,정수장,6.96,0.19,0.73,-,-,정상
135,410,금정구,690,구서2동,화명정수장,정수장,6.96,0.19,0.73,-,-,정상
137,410,금정구,690,구서2동,남산배수지,배수지,7.37,0.11,0.13,196.87,28.10,정상
138,410,금정구,690,구서2동,구서2동,블록,6.21,0.11,0.14,309.28,29.00,정상
139,410,금정구,680,구서1동,화명정수장,정수장,6.96,0.19,0.73,-,-,정상
141,410,금정구,670,남산동,화명정수장,정수장,6.96,0.19,0.73,-,-,정상
143,410,금정구,670,남산동,남산배수지,배수지,7.37,0.11,0.13,196.87,28.10,정상
144,410,금정구,670,남산동,남산동,블록,6.21,0.11,0.14,309.28,29.00,정상
145,410,금정구,665,청룡노포동,화명정수장,정수장,6.96,0.19,0.73,-,-,정상
147,410,금정구,665,청룡노포동,남산배수지,배수지,7.37,0.11,0.13,196.87,28.10,정상
148,410,금정구,635,선두구동,화명정수장,정수장,6.96,0.19,0.73,-,-,정상
150,410,금정구,620,장전3동,화명정수장,정수장,6.96,0.19,0.73,-,-,정상
152,410,금정구,620,장전3동,장전3동,블록,6.90,0.15,0.12,292.24,28.19,정상
153,410,금정구,610,장전2동,화명정수장,정수장,6.96,0.19,0.73,-,-,정상
156,410,금정구,600,장전1동,장전1동,블록,6.90,0.15,0.12,292.24,28.19,정상
157,410,금정구,600,장전1동,화명정수장,정수장,6.96,0.19,0.73,-,-,정상
159,410,금정구,591,부곡4동,화명정수장,정수장,6.96,0.19,0.73,-,-,정상
161,410,금정구,591,부곡4동,서동배수지,배수지,6.98,0.07,0.33,-,-,정상
162,410,금정구,590,부곡3동,화명정수장,정수장,6.96,0.19,0.73,-,-,정상
164,410,금정구,580,부곡2동,화명정수장,정수장,6.96,0.19,0.73,-,-,정상
166,410,금정구,570,부곡1동,화명정수장,정수장,6.96,0.19,0.73,-,-,정상
169,410,금정구,550,금사동,화명정수장,정수장,6.96,0.19,0.73,-,-,정상
171,410,금정구,550,금사동,남산배수지,배수지,7.37,0.11,0.13,196.87,28.10,정상
174,410,금정구,520,서2동,서동배수지,배수지,6.98,0.07,0.33,-,-,정상
176,410,금정구,510,서1동,서동배수지,배수지,6.98,0.07,0.33,-,-,정상
177,380,사하구,630,감천2동,덕산정수장,정수장,6.70,0.12,1.04,-,-,정상
178,380,사하구,630,감천2동,사상가압장(기설),가압장,7.10,0.10,0.69,257.33,27.45,정상
179,380,사하구,630,감천2동,사상가압장(신설),가압장,7.13,0.10,0.73,239.27,28.95,정상
180,380,사하구,630,감천2동,아미배수지,배수지,7.45,0.22,0.44,331.66,30.25,정상
181,380,사하구,620,감천1동,덕산정수장,정수장,6.70,0.12,1.04,-,-,정상
182,380,사하구,620,감천1동,사상가압장(기설),가압장,7.10,0.10,0.69,257.33,27.45,정상
183,380,사하구,620,감천1동,사상가압장(신설),가압장,7.13,0.10,0.73,239.27,28.95,정상
184,380,사하구,620,감천1동,감천배수지,배수지,7.03,0.08,0.38,255.50,29.07,정상
185,380,사하구,620,감천1동,감천1동,블록,6.82,0.10,0.31,-,-,정상
186,380,사하구,610,구평동,덕산정수장,정수장,6.70,0.12,1.04,-,-,정상
187,380,사하구,610,구평동,사상가압장(신설),가압장,7.13,0.10,0.73,239.27,28.95,정상
188,380,사하구,602,다대2동,덕산정수장,정수장,6.70,0.12,1.04,-,-,정상
189,380,사하구,602,다대2동,사상가압장(기설),가압장,7.10,0.10,0.69,257.33,27.45,정상
190,380,사하구,601,다대1동,덕산정수장,정수장,6.70,0.12,1.04,-,-,정상
191,380,사하구,601,다대1동,다대가압장,가압장,6.96,0.08,0.43,-,-,정상
192,380,사하구,601,다대1동,다대1동,블록,7.27,0.08,0.20,254.55,28.60,정상
193,380,사하구,590,장림2동,덕산정수장,정수장,6.70,0.12,1.04,-,-,정상
194,380,사하구,590,장림2동,사상가압장(기설),가압장,7.10,0.10,0.69,257.33,27.45,정상
195,380,사하구,580,장림1동,덕산정수장,정수장,6.70,0.12,1.04,-,-,정상
196,380,사하구,572,신평2동,덕산정수장,정수장,6.70,0.12,1.04,-,-,정상
197,380,사하구,572,신평2동,사상가압장(기설),가압장,7.10,0.10,0.69,257.33,27.45,정상
198,380,사하구,572,신평2동,사상가압장(신설),가압장,7.13,0.10,0.73,239.27,28.95,정상
199,380,사하구,572,신평2동,아미배수지,배수지,7.45,0.22,0.44,331.66,30.25,정상
200,380,사하구,572,신평2동,신평2동,블록,7.19,0.08,0.50,255.94,28.58,정상
201,380,사하구,571,신평1동,덕산정수장,정수장,6.70,0.12,1.04,-,-,정상
202,380,사하구,571,신평1동,사상가압장(기설),가압장,7.10,0.10,0.69,257.33,27.45,정상
204,380,사하구,562,하단2동,덕산정수장,정수장,6.70,0.12,1.04,-,-,정상
205,380,사하구,562,하단2동,사상가압장(신설),가압장,7.13,0.10,0.73,239.27,28.95,정상
206,380,사하구,562,하단2동,하단2동,블록,7.43,0.07,0.43,-,-,정상
207,380,사하구,561,하단1동,덕산정수장,정수장,6.70,0.12,1.04,-,-,정상
208,380,사하구,561,하단1동,하단1동,블록,7.43,0.07,0.43,-,-,정상
209,380,사하구,550,당리동,덕산정수장,정수장,6.70,0.12,1.04,-,-,정상
210,380,사하구,550,당리동,사상가압장(기설),가압장,7.10,0.10,0.69,257.33,27.45,정상
211,380,사하구,550,당리동,사상가압장(신설),가압장,7.13,0.10,0.73,239.27,28.95,정상
212,380,사하구,540,괴정4동,덕산정수장,정수장,6.70,0.12,1.04,-,-,정상
213,380,사하구,540,괴정4동,사상가압장(신설),가압장,7.13,0.10,0.73,239.27,28.95,정상
214,380,사하구,530,괴정3동,덕산정수장,정수장,6.70,0.12,1.04,-,-,정상
215,380,사하구,530,괴정3동,사상가압장(기설),가압장,7.10,0.10,0.69,257.33,27.45,정상
216,380,사하구,530,괴정3동,사상가압장(신설),가압장,7.13,0.10,0.73,239.27,28.95,정상
217,380,사하구,530,괴정3동,대티2배수지,배수지,7.23,0.16,0.48,275.95,28.47,정상
218,380,사하구,520,괴정2동,덕산정수장,정수장,6.70,0.12,1.04,-,-,정상
219,380,사하구,520,괴정2동,사상가압장(기설),가압장,7.10,0.10,0.69,257.33,27.45,정상
220,380,사하구,520,괴정2동,대티2배수지,배수지,7.23,0.16,0.48,275.95,28.47,정상
221,380,사하구,520,괴정2동,괴정2동,블록,7.17,0.08,0.29,271.70,29.30,정상
222,380,사하구,510,괴정1동,덕산정수장,정수장,6.70,0.12,1.04,-,-,정상
223,380,사하구,510,괴정1동,사상가압장(신설),가압장,7.13,0.10,0.73,239.27,28.95,정상
225,350,해운대구,660,재송2동,반여배수지,배수지,7.53,0.10,0.07,281.03,24.41,정상
226,350,해운대구,660,재송2동,재송2동,블록,7.06,0.05,0.27,182.20,26.65,정상
228,350,해운대구,650,재송1동,화명정수장,정수장,6.96,0.19,0.73,-,-,정상
231,350,해운대구,630,반송3동,반송배수지,배수지,7.16,0.04,0.27,-,-,정상
234,350,해운대구,610,반송1동,반송배수지,배수지,7.16,0.04,0.27,-,-,정상
235,350,해운대구,610,반송1동,반송1동,블록,7.02,0.10,0.31,-,-,정상
237,350,해운대구,595,반여4동,명장배수지,배수지,7.60,0.04,0.49,243.20,26.70,정상
240,350,해운대구,580,반여2동,반여배수지,배수지,7.53,0.10,0.07,281.03,24.41,정상
241,350,해운대구,580,반여2동,반여2동,블록,7.06,0.05,0.27,182.20,26.65,정상
243,350,해운대구,570,반여1동,반여1동,블록,6.97,0.06,0.55,143.25,26.10,정상
244,350,해운대구,560,송정동,화명정수장,정수장,6.96,0.19,0.73,-,-,정상
246,350,해운대구,560,송정동,좌동2배수지,배수지,7.13,0.14,0.32,230.33,29.40,정상
247,350,해운대구,554,좌4동,화명정수장,정수장,6.96,0.19,0.73,-,-,정상
249,350,해운대구,553,좌3동,화명정수장,정수장,6.96,0.19,0.73,-,-,정상
251,350,해운대구,553,좌3동,좌동2배수지,배수지,7.13,0.14,0.32,230.33,29.40,정상
252,350,해운대구,553,좌3동,좌3동,블록,7.21,0.18,0.22,283.59,31.10,정상
253,350,해운대구,552,좌2동,화명정수장,정수장,6.96,0.19,0.73,-,-,정상
255,350,해운대구,551,좌1동,화명정수장,정수장,6.96,0.19,0.73,-,-,정상
257,350,해운대구,551,좌1동,좌1동,블록,7.10,0.19,0.22,271.90,30.02,정상
258,350,해운대구,540,중2동,화명정수장,정수장,6.96,0.19,0.73,-,-,정상
261,350,해운대구,540,중2동,중2동,블록,7.11,0.21,0.25,233.26,30.50,정상
262,350,해운대구,530,중1동,화명정수장,정수장,6.96,0.19,0.73,-,-,정상
264,350,해운대구,530,중1동,중1동,블록,6.81,0.18,0.31,-,-,정상
265,350,해운대구,520,우2동,화명정수장,정수장,6.96,0.19,0.73,-,-,정상
267,350,해운대구,510,우1동,화명정수장,정수장,6.96,0.19,0.73,-,-,정상
269,350,해운대구,510,우1동,우1동,블록,6.81,0.18,0.31,-,-,정상
270,320,북구,573,만덕3동,화명정수장,정수장,6.96,0.19,0.73,-,-,정상
271,320,북구,573,만덕3동,만덕1배수지,배수지,7.77,0.14,0.31,285.75,28.05,정상
272,320,북구,573,만덕3동,만덕3동,블록,7.28,0.12,0.28,258.01,29.12,정상
273,320,북구,572,만덕2동,만덕2배수지,배수지,7.25,0.14,0.30,226.96,27.20,정상
274,320,북구,572,만덕2동,만덕5배수지,배수지,7.04,0.17,0.10,-,-,정상
275,320,북구,572,만덕2동,만덕2동,블록,7.32,0.18,0.65,249.68,28.77,정상
276,320,북구,572,만덕2동,화명정수장,정수장,6.96,0.19,0.73,-,-,정상
278,320,북구,571,만덕1동,화명정수장,정수장,6.96,0.19,0.73,-,-,정상
280,320,북구,571,만덕1동,만덕1배수지,배수지,7.77,0.14,0.31,285.75,28.05,정상
281,320,북구,571,만덕1동,만덕2배수지,배수지,7.25,0.14,0.30,226.96,27.20,정상
282,320,북구,561,덕천3동,화명정수장,정수장,6.96,0.19,0.73,-,-,정상
283,320,북구,560,덕천2동,덕산정수장,정수장,6.70,0.12,1.04,-,-,정상
284,320,북구,560,덕천2동,화명정수장,정수장,6.96,0.19,0.73,-,-,정상
285,320,북구,560,덕천2동,만덕1배수지,배수지,7.77,0.14,0.31,285.75,28.05,정상
286,320,북구,550,덕천1동,덕산정수장,정수장,6.70,0.12,1.04,-,-,정상
287,320,북구,550,덕천1동,화명정수장,정수장,6.96,0.19,0.73,-,-,정상
288,320,북구,550,덕천1동,만덕1배수지,배수지,7.77,0.14,0.31,285.75,28.05,정상
289,320,북구,543,화명3동,화명정수장,정수장,6.96,0.19,0.73,-,-,정상
290,320,북구,543,화명3동,금곡배수지,배수지,7.77,0.16,0.34,222.51,28.20,정상
291,320,북구,543,화명3동,화명3동,블록,7.39,0.16,0.34,196.38,29.34,정상
292,320,북구,542,화명2동,화명정수장,정수장,6.96,0.19,0.73,-,-,정상
293,320,북구,542,화명2동,금곡배수지,배수지,7.77,0.16,0.34,222.51,28.20,정상
294,320,북구,542,화명2동,화명2동,블록,7.39,0.16,0.34,196.38,29.34,정상
295,320,북구,541,화명1동,화명정수장,정수장,6.96,0.19,0.73,-,-,정상
296,320,북구,530,금곡동,화명정수장,정수장,6.96,0.19,0.73,-,-,정상
297,320,북구,530,금곡동,금곡배수지,배수지,7.77,0.16,0.34,222.51,28.20,정상
298,320,북구,530,금곡동,금곡동,블록,7.39,0.16,0.34,196.38,29.34,정상
299,320,북구,521,구포3동,화명정수장,정수장,6.96,0.19,0.73,-,-,정상
301,320,북구,521,구포3동,구포가압장,가압장,7.09,0.11,0.22,-,-,정상
302,320,북구,521,구포3동,구포2배수지,배수지,7.09,0.11,0.22,-,-,정상
303,320,북구,520,구포2동,화명정수장,정수장,6.96,0.19,0.73,-,-,정상
304,320,북구,520,구포2동,구포2동,블록,7.11,0.15,0.38,264.40,29.30,정상
305,320,북구,510,구포1동,덕산정수장,정수장,6.70,0.12,1.04,-,-,정상
306,290,남구,710,문현4동,화명정수장,정수장,6.96,0.19,0.73,-,-,정상
308,290,남구,700,문현3동,덕산정수장,정수장,6.70,0.12,1.04,-,-,정상
309,290,남구,700,문현3동,사상가압장(신설),가압장,7.13,0.10,0.73,239.27,28.95,정상
310,290,남구,700,문현3동,전포2배수지,배수지,7.15,0.09,0.55,283.56,28.21,정상
311,290,남구,700,문현3동,문현배수지,배수지,7.00,0.07,0.23,273.34,30.41,정상
312,290,남구,690,문현2동,덕산정수장,정수장,6.70,0.12,1.04,-,-,정상
313,290,남구,690,문현2동,사상가압장(신설),가압장,7.13,0.10,0.73,239.27,28.95,정상
314,290,남구,690,문현2동,전포2배수지,배수지,7.15,0.09,0.55,283.56,28.21,정상
315,290,남구,690,문현2동,문현배수지,배수지,7.00,0.07,0.23,273.34,30.41,정상
316,290,남구,680,문현1동,덕산정수장,정수장,6.70,0.12,1.04,-,-,정상
317,290,남구,680,문현1동,사상가압장(신설),가압장,7.13,0.10,0.73,239.27,28.95,정상
318,290,남구,680,문현1동,전포2배수지,배수지,7.15,0.09,0.55,283.56,28.21,정상
319,290,남구,680,문현1동,문현배수지,배수지,7.00,0.07,0.23,273.34,30.41,정상
320,290,남구,650,우암2동,화명정수장,정수장,6.96,0.19,0.73,-,-,정상
322,290,남구,645,우암동,화명정수장,정수장,6.96,0.19,0.73,-,-,정상
324,290,남구,645,우암동,감만배수지,배수지,7.29,0.17,0.39,-,-,정상
325,290,남구,645,우암동,우암동,블록,7.26,0.13,0.17,280.18,29.53,정상
326,290,남구,640,우암1동,화명정수장,정수장,6.96,0.19,0.73,-,-,정상
328,290,남구,630,감만2동,화명정수장,정수장,6.96,0.19,0.73,-,-,정상
330,290,남구,630,감만2동,감만배수지,배수지,7.29,0.17,0.39,-,-,정상
331,290,남구,630,감만2동,감만2동,블록,7.38,0.13,0.20,280.18,29.53,정상
332,290,남구,620,감만1동,화명정수장,정수장,6.96,0.19,0.73,-,-,정상
334,290,남구,620,감만1동,감만배수지,배수지,7.29,0.17,0.39,-,-,정상
335,290,남구,620,감만1동,감만1동,블록,7.38,0.10,0.20,-,-,정상
336,290,남구,610,용당동,화명정수장,정수장,6.96,0.19,0.73,-,-,정상
338,290,남구,610,용당동,감만배수지,배수지,7.29,0.17,0.39,-,-,정상
339,290,남구,600,용호4동,화명정수장,정수장,6.96,0.19,0.73,-,-,정상
341,290,남구,600,용호4동,용호2배수지,배수지,6.98,0.14,0.29,-,-,정상
342,290,남구,600,용호4동,용호4동,블록,7.31,0.12,0.20,266.25,29.70,정상
343,290,남구,590,용호3동,화명정수장,정수장,6.96,0.19,0.73,-,-,정상
345,290,남구,580,용호2동,화명정수장,정수장,6.96,0.19,0.73,-,-,정상
347,290,남구,580,용호2동,용호2배수지,배수지,6.98,0.14,0.29,-,-,정상
348,290,남구,580,용호2동,용호2동,블록,7.31,0.12,0.20,266.25,29.70,정상
349,290,남구,570,용호1동,화명정수장,정수장,6.96,0.19,0.73,-,-,정상
351,290,남구,560,대연6동,덕산정수장,정수장,6.70,0.12,1.04,-,-,정상
352,290,남구,560,대연6동,화명정수장,정수장,6.96,0.19,0.73,-,-,정상
354,290,남구,560,대연6동,사상가압장(신설),가압장,7.13,0.10,0.73,239.27,28.95,정상
355,290,남구,560,대연6동,전포2배수지,배수지,7.15,0.09,0.55,283.56,28.21,정상
356,290,남구,560,대연6동,문현배수지,배수지,7.00,0.07,0.23,273.34,30.41,정상
357,290,남구,550,대연5동,덕산정수장,정수장,6.70,0.12,1.04,-,-,정상
358,290,남구,550,대연5동,화명정수장,정수장,6.96,0.19,0.73,-,-,정상
360,290,남구,550,대연5동,사상가압장(신설),가압장,7.13,0.10,0.73,239.27,28.95,정상
361,290,남구,550,대연5동,전포2배수지,배수지,7.15,0.09,0.55,283.56,28.21,정상
362,290,남구,550,대연5동,문현배수지,배수지,7.00,0.07,0.23,273.34,30.41,정상
363,290,남구,540,대연4동,화명정수장,정수장,6.96,0.19,0.73,-,-,정상
365,290,남구,540,대연4동,감만배수지,배수지,7.29,0.17,0.39,-,-,정상
366,290,남구,540,대연4동,대연4동,블록,7.26,0.13,0.17,280.18,29.53,정상
367,290,남구,530,대연3동,화명정수장,정수장,6.96,0.19,0.73,-,-,정상
369,290,남구,530,대연3동,대연3동,블록,6.98,0.20,0.27,313.50,-,정상
370,290,남구,520,대연2동,화명정수장,정수장,6.96,0.19,0.73,-,-,정상
372,290,남구,510,대연1동,화명정수장,정수장,6.96,0.19,0.73,-,-,정상
375,260,동래구,762,명장2동,명장배수지,배수지,7.60,0.04,0.49,243.20,26.70,정상
376,260,동래구,762,명장2동,서동배수지,배수지,6.98,0.07,0.33,-,-,정상
378,260,동래구,761,명장1동,명장배수지,배수지,7.60,0.04,0.49,243.20,26.70,정상
380,260,동래구,750,안락2동,명장배수지,배수지,7.60,0.04,0.49,243.20,26.70,정상
382,260,동래구,740,안락1동,명장배수지,배수지,7.60,0.04,0.49,243.20,26.70,정상
383,260,동래구,600,사직3동,화명정수장,정수장,6.96,0.19,0.73,-,-,정상
385,260,동래구,600,사직3동,사직3동,블록,7.00,0.19,0.48,-,-,정상
386,260,동래구,590,사직2동,화명정수장,정수장,6.96,0.19,0.73,-,-,정상
388,260,동래구,580,사직1동,화명정수장,정수장,6.96,0.19,0.73,-,-,정상
390,260,동래구,570,온천3동,화명정수장,정수장,6.96,0.19,0.73,-,-,정상
392,260,동래구,560,온천2동,화명정수장,정수장,6.96,0.19,0.73,-,-,정상
394,260,동래구,550,온천1동,화명정수장,정수장,6.96,0.19,0.73,-,-,정상
396,260,동래구,550,온천1동,온천1동,블록,7.25,0.13,0.41,-,-,정상
398,260,동래구,545,명륜동,명장배수지,배수지,7.60,0.04,0.49,243.20,26.70,정상
399,260,동래구,545,명륜동,서동배수지,배수지,6.98,0.07,0.33,-,-,정상
401,260,동래구,520,복산동,명장배수지,배수지,7.60,0.04,0.49,243.20,26.70,정상
403,260,동래구,510,수민동,화명정수장,정수장,6.96,0.19,0.73,-,-,정상
405,260,동래구,510,수민동,명장배수지,배수지,7.60,0.04,0.49,243.20,26.70,정상
406,230,부산진구,790,범천4동,덕산정수장,정수장,6.70,0.12,1.04,-,-,정상
407,230,부산진구,790,범천4동,사상가압장(신설),가압장,7.13,0.10,0.73,239.27,28.95,정상
408,230,부산진구,790,범천4동,개금1배수지,배수지,7.25,0.11,0.49,268.12,30.65,정상
409,230,부산진구,790,범천4동,수정산터널배수지,배수지,7.21,0.16,0.43,-,-,정상
410,230,부산진구,780,범천2동,덕산정수장,정수장,6.70,0.12,1.04,-,-,정상
411,230,부산진구,780,범천2동,사상가압장(신설),가압장,7.13,0.10,0.73,239.27,28.95,정상
412,230,부산진구,780,범천2동,개금1배수지,배수지,7.25,0.11,0.49,268.12,30.65,정상
413,230,부산진구,780,범천2동,수정산터널배수지,배수지,7.21,0.16,0.43,-,-,정상
414,230,부산진구,780,범천2동,안창배수지,배수지,6.97,0.10,0.41,-,-,정상
415,230,부산진구,780,범천2동,범천2동,블록,7.03,0.09,0.29,235.10,29.30,정상
416,230,부산진구,770,범천1동,덕산정수장,정수장,6.70,0.12,1.04,-,-,정상
417,230,부산진구,770,범천1동,사상가압장(신설),가압장,7.13,0.10,0.73,239.27,28.95,정상
418,230,부산진구,770,범천1동,개금1배수지,배수지,7.25,0.11,0.49,268.12,30.65,정상
419,230,부산진구,770,범천1동,범천1동,블록,7.29,0.12,0.26,288.10,28.90,정상
420,230,부산진구,760,개금3동,덕산정수장,정수장,6.70,0.12,1.04,-,-,정상
421,230,부산진구,760,개금3동,사상가압장(신설),가압장,7.13,0.10,0.73,239.27,28.95,정상
422,230,부산진구,760,개금3동,개금3동,블록,7.28,0.03,0.48,370.00,29.60,정상
423,230,부산진구,750,개금2동,덕산정수장,정수장,6.70,0.12,1.04,-,-,정상
424,230,부산진구,750,개금2동,사상가압장(신설),가압장,7.13,0.10,0.73,239.27,28.95,정상
425,230,부산진구,750,개금2동,개금2배수지,배수지,7.72,0.12,0.32,238.42,29.57,정상
426,230,부산진구,750,개금2동,개금2동,블록,7.65,0.07,0.15,283.77,-,정상
427,230,부산진구,740,개금1동,덕산정수장,정수장,6.70,0.12,1.04,-,-,정상
428,230,부산진구,740,개금1동,사상가압장(신설),가압장,7.13,0.10,0.73,239.27,28.95,정상
429,230,부산진구,740,개금1동,수정산터널배수지,배수지,7.21,0.16,0.43,-,-,정상
430,230,부산진구,740,개금1동,개금1동,블록,7.26,0.06,0.54,231.30,28.40,정상
431,230,부산진구,730,가야3동,덕산정수장,정수장,6.70,0.12,1.04,-,-,정상
432,230,부산진구,730,가야3동,사상가압장(신설),가압장,7.13,0.10,0.73,239.27,28.95,정상
433,230,부산진구,730,가야3동,수정산터널배수지,배수지,7.21,0.16,0.43,-,-,정상
434,230,부산진구,720,가야2동,덕산정수장,정수장,6.70,0.12,1.04,-,-,정상
435,230,부산진구,720,가야2동,사상가압장(신설),가압장,7.13,0.10,0.73,239.27,28.95,정상
436,230,부산진구,720,가야2동,수정산터널배수지,배수지,7.21,0.16,0.43,-,-,정상
437,230,부산진구,710,가야1동,덕산정수장,정수장,6.70,0.12,1.04,-,-,정상
438,230,부산진구,710,가야1동,사상가압장(신설),가압장,7.13,0.10,0.73,239.27,28.95,정상
439,230,부산진구,710,가야1동,개금1배수지,배수지,7.25,0.11,0.49,268.12,30.65,정상
440,230,부산진구,710,가야1동,가야1동,블록,7.22,0.06,0.35,271.90,26.20,정상
441,230,부산진구,700,당감4동,덕산정수장,정수장,6.70,0.12,1.04,-,-,정상
442,230,부산진구,700,당감4동,사상가압장(신설),가압장,7.13,0.10,0.73,239.27,28.95,정상
443,230,부산진구,700,당감4동,당감배수지,배수지,7.19,0.13,0.49,303.90,29.38,정상
444,230,부산진구,690,당감3동,덕산정수장,정수장,6.70,0.12,1.04,-,-,정상
445,230,부산진구,690,당감3동,사상가압장(신설),가압장,7.13,0.10,0.73,239.27,28.95,정상
446,230,부산진구,680,당감2동,덕산정수장,정수장,6.70,0.12,1.04,-,-,정상
447,230,부산진구,680,당감2동,사상가압장(신설),가압장,7.13,0.10,0.73,239.27,28.95,정상
448,230,부산진구,670,당감1동,덕산정수장,정수장,6.70,0.12,1.04,-,-,정상
449,230,부산진구,670,당감1동,사상가압장(신설),가압장,7.13,0.10,0.73,239.27,28.95,정상
450,230,부산진구,670,당감1동,당감1동,블록,7.18,0.05,0.48,232.60,29.00,정상
451,230,부산진구,660,부암3동,덕산정수장,정수장,6.70,0.12,1.04,-,-,정상
452,230,부산진구,660,부암3동,사상가압장(신설),가압장,7.13,0.10,0.73,239.27,28.95,정상
453,230,부산진구,660,부암3동,당감배수지,배수지,7.19,0.13,0.49,303.90,29.38,정상
454,230,부산진구,640,부암1동,덕산정수장,정수장,6.70,0.12,1.04,-,-,정상
455,230,부산진구,640,부암1동,사상가압장(신설),가압장,7.13,0.10,0.73,239.27,28.95,정상
456,230,부산진구,640,부암1동,전포2배수지,배수지,7.15,0.09,0.55,283.56,28.21,정상
457,230,부산진구,640,부암1동,부암1동,블록,7.18,0.05,0.48,232.60,29.00,정상
458,230,부산진구,620,전포3동,덕산정수장,정수장,6.70,0.12,1.04,-,-,정상
459,230,부산진구,620,전포3동,사상가압장(신설),가압장,7.13,0.10,0.73,239.27,28.95,정상
460,230,부산진구,620,전포3동,전포2배수지,배수지,7.15,0.09,0.55,283.56,28.21,정상
461,230,부산진구,620,전포3동,문현배수지,배수지,7.00,0.07,0.23,273.34,30.41,정상
462,230,부산진구,620,전포3동,전포3동,블록,7.13,0.07,0.18,305.30,28.90,정상
463,230,부산진구,610,전포2동,덕산정수장,정수장,6.70,0.12,1.04,-,-,정상
464,230,부산진구,610,전포2동,사상가압장(신설),가압장,7.13,0.10,0.73,239.27,28.95,정상
465,230,부산진구,610,전포2동,전포1배수지,배수지,7.06,0.12,0.47,331.04,28.59,미운영
466,230,부산진구,610,전포2동,전포2배수지,배수지,7.15,0.09,0.55,283.56,28.21,정상
467,230,부산진구,610,전포2동,전포2동,블록,7.39,0.03,0.53,-,-,정상
468,230,부산진구,600,전포1동,덕산정수장,정수장,6.70,0.12,1.04,-,-,정상
469,230,부산진구,600,전포1동,사상가압장(신설),가압장,7.13,0.10,0.73,239.27,28.95,정상
470,230,부산진구,600,전포1동,전포1배수지,배수지,7.06,0.12,0.47,331.04,28.59,미운영
471,230,부산진구,600,전포1동,전포2배수지,배수지,7.15,0.09,0.55,283.56,28.21,정상
472,230,부산진구,600,전포1동,전포1동,블록,7.39,0.03,0.53,-,-,정상
473,230,부산진구,570,양정2동,덕산정수장,정수장,6.70,0.12,1.04,-,-,정상
474,230,부산진구,570,양정2동,화명정수장,정수장,6.96,0.19,0.73,-,-,정상
476,230,부산진구,570,양정2동,사상가압장(신설),가압장,7.13,0.10,0.73,239.27,28.95,정상
477,230,부산진구,570,양정2동,전포1배수지,배수지,7.06,0.12,0.47,331.04,28.59,미운영
478,230,부산진구,570,양정2동,연산배수지,배수지,7.10,0.14,0.22,224.91,29.57,정상
479,230,부산진구,560,양정1동,덕산정수장,정수장,6.70,0.12,1.04,-,-,정상
480,230,부산진구,560,양정1동,화명정수장,정수장,6.96,0.19,0.73,-,-,정상
482,230,부산진구,560,양정1동,사상가압장(신설),가압장,7.13,0.10,0.73,239.27,28.95,정상
483,230,부산진구,560,양정1동,전포1배수지,배수지,7.06,0.12,0.47,331.04,28.59,미운영
484,230,부산진구,560,양정1동,거제배수지,배수지,6.86,0.08,0.09,-,-,정상
485,230,부산진구,560,양정1동,연산배수지,배수지,7.10,0.14,0.22,224.91,29.57,정상
486,230,부산진구,550,초읍동,화명정수장,정수장,6.96,0.19,0.73,-,-,정상
488,230,부산진구,550,초읍동,거제배수지,배수지,6.86,0.08,0.09,-,-,정상
489,230,부산진구,540,연지동,화명정수장,정수장,6.96,0.19,0.73,-,-,정상
491,230,부산진구,540,연지동,거제배수지,배수지,6.86,0.08,0.09,-,-,정상
492,230,부산진구,540,연지동,연지동,블록,7.19,0.09,0.21,314.70,29.10,정상
493,230,부산진구,530,범전동,덕산정수장,정수장,6.70,0.12,1.04,-,-,정상
494,230,부산진구,530,범전동,사상가압장(신설),가압장,7.13,0.10,0.73,239.27,28.95,정상
495,230,부산진구,530,범전동,전포1배수지,배수지,7.06,0.12,0.47,331.04,28.59,미운영
496,230,부산진구,520,부전2동,덕산정수장,정수장,6.70,0.12,1.04,-,-,정상
497,230,부산진구,520,부전2동,사상가압장(신설),가압장,7.13,0.10,0.73,239.27,28.95,정상
498,230,부산진구,520,부전2동,전포2배수지,배수지,7.15,0.09,0.55,283.56,28.21,정상
499,230,부산진구,510,부전1동,덕산정수장,정수장,6.70,0.12,1.04,-,-,정상
500,230,부산진구,510,부전1동,사상가압장(신설),가압장,7.13,0.10,0.73,239.27,28.95,정상
501,230,부산진구,510,부전1동,전포1배수지,배수지,7.06,0.12,0.47,331.04,28.59,미운영
502,230,부산진구,510,부전1동,전포2배수지,배수지,7.15,0.09,0.55,283.56,28.21,정상
503,200,영도구,670,동삼3동,덕산정수장,정수장,6.70,0.12,1.04,-,-,정상
504,200,영도구,670,동삼3동,사상가압장(기설),가압장,7.10,0.10,0.69,257.33,27.45,정상
505,200,영도구,670,동삼3동,청학배수지,배수지,7.15,0.08,0.55,285.96,28.50,정상
506,200,영도구,670,동삼3동,해돋이배수지,배수지,7.65,0.09,0.37,242.50,31.40,정상
507,200,영도구,670,동삼3동,동삼부스타,펌프장,7.22,0.21,0.36,-,-,정상
508,200,영도구,660,동삼2동,덕산정수장,정수장,6.70,0.12,1.04,-,-,정상
509,200,영도구,660,동삼2동,사상가압장(기설),가압장,7.10,0.10,0.69,257.33,27.45,정상
510,200,영도구,660,동삼2동,청학배수지,배수지,7.15,0.08,0.55,285.96,28.50,정상
511,200,영도구,660,동삼2동,동삼부스타,펌프장,7.22,0.21,0.36,-,-,정상
512,200,영도구,650,동삼1동,해돋이배수지,배수지,7.65,0.09,0.37,242.50,31.40,정상
513,200,영도구,650,동삼1동,동삼부스타,펌프장,7.22,0.21,0.36,-,-,정상
514,200,영도구,650,동삼1동,덕산정수장,정수장,6.70,0.12,1.04,-,-,정상
515,200,영도구,650,동삼1동,사상가압장(기설),가압장,7.10,0.10,0.69,257.33,27.45,정상
516,200,영도구,650,동삼1동,청학배수지,배수지,7.15,0.08,0.55,285.96,28.50,정상
517,200,영도구,640,청학2동,덕산정수장,정수장,6.70,0.12,1.04,-,-,정상
518,200,영도구,640,청학2동,사상가압장(기설),가압장,7.10,0.10,0.69,257.33,27.45,정상
519,200,영도구,640,청학2동,청학배수지,배수지,7.15,0.08,0.55,285.96,28.50,정상
520,200,영도구,640,청학2동,해돋이배수지,배수지,7.65,0.09,0.37,242.50,31.40,정상
521,200,영도구,640,청학2동,동삼부스타,펌프장,7.22,0.21,0.36,-,-,정상
522,200,영도구,640,청학2동,청학2동,블록,7.35,0.08,0.57,263.84,28.60,정상
523,200,영도구,630,청학1동,덕산정수장,정수장,6.70,0.12,1.04,-,-,정상
524,200,영도구,630,청학1동,사상가압장(기설),가압장,7.10,0.10,0.69,257.33,27.45,정상
525,200,영도구,630,청학1동,청학배수지,배수지,7.15,0.08,0.55,285.96,28.50,정상
526,200,영도구,630,청학1동,영도배수지,배수지,7.34,0.07,0.36,204.90,28.99,정상
527,200,영도구,630,청학1동,해돋이배수지,배수지,7.65,0.09,0.37,242.50,31.40,정상
528,200,영도구,630,청학1동,청학1동,블록,7.35,0.08,0.57,263.84,28.60,정상
529,200,영도구,605,봉래2동,덕산정수장,정수장,6.70,0.12,1.04,-,-,정상
530,200,영도구,605,봉래2동,사상가압장(기설),가압장,7.10,0.10,0.69,257.33,27.45,정상
531,200,영도구,605,봉래2동,청학배수지,배수지,7.15,0.08,0.55,285.96,28.50,정상
532,200,영도구,605,봉래2동,영도배수지,배수지,7.34,0.07,0.36,204.90,28.99,정상
533,200,영도구,605,봉래2동,해돋이배수지,배수지,7.65,0.09,0.37,242.50,31.40,정상
534,200,영도구,605,봉래2동,봉래2동,블록,7.71,0.10,0.57,263.84,28.60,정상
535,200,영도구,590,봉래1동,덕산정수장,정수장,6.70,0.12,1.04,-,-,정상
536,200,영도구,590,봉래1동,사상가압장(기설),가압장,7.10,0.10,0.69,257.33,27.45,정상
537,200,영도구,590,봉래1동,봉래1동,블록,7.71,0.10,0.46,-,-,정상
538,200,영도구,585,신선동,덕산정수장,정수장,6.70,0.12,1.04,-,-,정상
539,200,영도구,585,신선동,사상가압장(기설),가압장,7.10,0.10,0.69,257.33,27.45,정상
540,200,영도구,585,신선동,청학배수지,배수지,7.15,0.08,0.55,285.96,28.50,정상
541,200,영도구,585,신선동,영도배수지,배수지,7.34,0.07,0.36,204.90,28.99,정상
542,200,영도구,585,신선동,신선동,블록,7.17,0.09,0.59,202.94,28.80,정상
543,200,영도구,570,신선2동,화명정수장,정수장,6.96,0.19,0.73,-,-,정상
545,200,영도구,570,신선2동,연산배수지,배수지,7.10,0.14,0.22,224.91,29.57,정상
546,200,영도구,550,영선2동,덕산정수장,정수장,6.70,0.12,1.04,-,-,정상
547,200,영도구,550,영선2동,사상가압장(기설),가압장,7.10,0.10,0.69,257.33,27.45,정상
548,200,영도구,550,영선2동,청학배수지,배수지,7.15,0.08,0.55,285.96,28.50,정상
549,200,영도구,550,영선2동,영도배수지,배수지,7.34,0.07,0.36,204.90,28.99,정상
550,200,영도구,550,영선2동,영선2동,블록,7.17,0.09,0.59,202.94,28.80,정상
551,200,영도구,540,영선1동,덕산정수장,정수장,6.70,0.12,1.04,-,-,정상
552,200,영도구,540,영선1동,사상가압장(기설),가압장,7.10,0.10,0.69,257.33,27.45,정상
553,200,영도구,530,남항동,덕산정수장,정수장,6.70,0.12,1.04,-,-,정상
554,200,영도구,530,남항동,사상가압장(기설),가압장,7.10,0.10,0.69,257.33,27.45,정상
555,170,동구,680,범일5동,덕산정수장,정수장,6.70,0.12,1.04,-,-,정상
556,170,동구,680,범일5동,사상가압장(기설),가압장,7.10,0.10,0.69,257.33,27.45,정상
557,170,동구,680,범일5동,영주배수지,배수지,7.26,0.08,0.34,223.60,28.86,정상
558,170,동구,670,범일4동,덕산정수장,정수장,6.70,0.12,1.04,-,-,정상
559,170,동구,670,범일4동,사상가압장(신설),가압장,7.13,0.10,0.73,239.27,28.95,정상
560,170,동구,670,범일4동,개금1배수지,배수지,7.25,0.11,0.49,268.12,30.65,정상
561,170,동구,670,범일4동,수정산터널배수지,배수지,7.21,0.16,0.43,-,-,정상
562,170,동구,670,범일4동,수정1배수지,배수지,7.28,0.09,0.37,265.37,30.00,정상
563,170,동구,670,범일4동,안창배수지,배수지,6.97,0.10,0.41,-,-,정상
564,170,동구,670,범일4동,범일4동,블록,7.21,0.09,0.50,249.60,27.90,정상
565,170,동구,660,범일2동,덕산정수장,정수장,6.70,0.12,1.04,-,-,정상
566,170,동구,660,범일2동,사상가압장(기설),가압장,7.10,0.10,0.69,257.33,27.45,정상
567,170,동구,660,범일2동,사상가압장(신설),가압장,7.13,0.10,0.73,239.27,28.95,정상
568,170,동구,660,범일2동,영주배수지,배수지,7.26,0.08,0.34,223.60,28.86,정상
569,170,동구,660,범일2동,개금1배수지,배수지,7.25,0.11,0.49,268.12,30.65,정상
570,170,동구,650,범일1동,덕산정수장,정수장,6.70,0.12,1.04,-,-,정상
571,170,동구,650,범일1동,사상가압장(기설),가압장,7.10,0.10,0.69,257.33,27.45,정상
572,170,동구,650,범일1동,사상가압장(신설),가압장,7.13,0.10,0.73,239.27,28.95,정상
573,170,동구,650,범일1동,개금1배수지,배수지,7.25,0.11,0.49,268.12,30.65,정상
574,170,동구,650,범일1동,수정산터널배수지,배수지,7.21,0.16,0.43,-,-,정상
575,170,동구,650,범일1동,영주배수지,배수지,7.26,0.08,0.34,223.60,28.86,정상
576,170,동구,650,범일1동,수정1배수지,배수지,7.28,0.09,0.37,265.37,30.00,정상
577,170,동구,650,범일1동,범일1동,블록,7.21,0.09,0.50,249.60,27.90,정상
578,170,동구,640,좌천4동,덕산정수장,정수장,6.70,0.12,1.04,-,-,정상
579,170,동구,640,좌천4동,사상가압장(신설),가압장,7.13,0.10,0.73,239.27,28.95,정상
580,170,동구,640,좌천4동,수정산터널배수지,배수지,7.21,0.16,0.43,-,-,정상
581,170,동구,640,좌천4동,좌천4동,블록,7.21,0.09,0.50,249.60,27.90,정상
582,170,동구,610,좌천1동,덕산정수장,정수장,6.70,0.12,1.04,-,-,정상
583,170,동구,610,좌천1동,사상가압장(기설),가압장,7.10,0.10,0.69,257.33,27.45,정상
584,170,동구,610,좌천1동,사상가압장(신설),가압장,7.13,0.10,0.73,239.27,28.95,정상
585,170,동구,610,좌천1동,개금1배수지,배수지,7.25,0.11,0.49,268.12,30.65,정상
586,170,동구,610,좌천1동,수정산터널배수지,배수지,7.21,0.16,0.43,-,-,정상
587,170,동구,610,좌천1동,영주배수지,배수지,7.26,0.08,0.34,223.60,28.86,정상
588,170,동구,610,좌천1동,수정1배수지,배수지,7.28,0.09,0.37,265.37,30.00,정상
589,170,동구,610,좌천1동,좌천1동,블록,7.23,0.06,0.16,-,-,정상
590,170,동구,600,수정5동,덕산정수장,정수장,6.70,0.12,1.04,-,-,정상
591,170,동구,600,수정5동,사상가압장(신설),가압장,7.13,0.10,0.73,239.27,28.95,정상
592,170,동구,600,수정5동,개금1배수지,배수지,7.25,0.11,0.49,268.12,30.65,정상
593,170,동구,600,수정5동,수정산터널배수지,배수지,7.21,0.16,0.43,-,-,정상
594,170,동구,600,수정5동,수정1배수지,배수지,7.28,0.09,0.37,265.37,30.00,정상
595,170,동구,600,수정5동,수정5동,블록,7.23,0.09,0.50,249.60,27.90,정상
596,170,동구,590,수정4동,덕산정수장,정수장,6.70,0.12,1.04,-,-,정상
597,170,동구,590,수정4동,사상가압장(신설),가압장,7.13,0.10,0.73,239.27,28.95,정상
598,170,동구,590,수정4동,수정산터널배수지,배수지,7.21,0.16,0.43,-,-,정상
599,170,동구,580,수정3동,덕산정수장,정수장,6.70,0.12,1.04,-,-,정상
600,170,동구,580,수정3동,사상가압장(신설),가압장,7.13,0.10,0.73,239.27,28.95,정상
601,170,동구,580,수정3동,개금1배수지,배수지,7.25,0.11,0.49,268.12,30.65,정상
602,170,동구,580,수정3동,수정1배수지,배수지,7.28,0.09,0.37,265.37,30.00,정상
603,170,동구,570,수정2동,덕산정수장,정수장,6.70,0.12,1.04,-,-,정상
604,170,동구,570,수정2동,사상가압장(기설),가압장,7.10,0.10,0.69,257.33,27.45,정상
605,170,동구,570,수정2동,사상가압장(신설),가압장,7.13,0.10,0.73,239.27,28.95,정상
606,170,동구,570,수정2동,영주배수지,배수지,7.26,0.08,0.34,223.60,28.86,정상
607,170,동구,570,수정2동,개금1배수지,배수지,7.25,0.11,0.49,268.12,30.65,정상
608,170,동구,570,수정2동,수정산터널배수지,배수지,7.21,0.16,0.43,-,-,정상
609,170,동구,570,수정2동,수정1배수지,배수지,7.28,0.09,0.37,265.37,30.00,정상
610,170,동구,570,수정2동,수정2동,블록,7.23,0.06,0.16,-,-,정상
611,170,동구,560,수정1동,덕산정수장,정수장,6.70,0.12,1.04,-,-,정상
612,170,동구,560,수정1동,사상가압장(신설),가압장,7.13,0.10,0.73,239.27,28.95,정상
613,170,동구,560,수정1동,개금1배수지,배수지,7.25,0.11,0.49,268.12,30.65,정상
614,170,동구,560,수정1동,수정산터널배수지,배수지,7.21,0.16,0.43,-,-,정상
615,170,동구,560,수정1동,수정1동,블록,7.17,0.08,0.62,255.35,30.40,정상
616,170,동구,550,초량6동,덕산정수장,정수장,6.70,0.12,1.04,-,-,정상
617,170,동구,550,초량6동,사상가압장(신설),가압장,7.13,0.10,0.73,239.27,28.95,정상
618,170,동구,550,초량6동,수정산터널배수지,배수지,7.21,0.16,0.43,-,-,정상
619,170,동구,530,초량3동,덕산정수장,정수장,6.70,0.12,1.04,-,-,정상
620,170,동구,530,초량3동,사상가압장(기설),가압장,7.10,0.10,0.69,257.33,27.45,정상
621,170,동구,530,초량3동,사상가압장(신설),가압장,7.13,0.10,0.73,239.27,28.95,정상
622,170,동구,530,초량3동,영주배수지,배수지,7.26,0.08,0.34,223.60,28.86,정상
623,170,동구,530,초량3동,개금1배수지,배수지,7.25,0.11,0.49,268.12,30.65,정상
624,170,동구,530,초량3동,수정산터널배수지,배수지,7.21,0.16,0.43,-,-,정상
625,170,동구,530,초량3동,초량3동,블록,7.17,0.08,0.62,255.35,30.40,정상
626,170,동구,520,초량2동,덕산정수장,정수장,6.70,0.12,1.04,-,-,정상
627,170,동구,520,초량2동,사상가압장(신설),가압장,7.13,0.10,0.73,239.27,28.95,정상
628,170,동구,520,초량2동,개금1배수지,배수지,7.25,0.11,0.49,268.12,30.65,정상
629,170,동구,520,초량2동,수정산터널배수지,배수지,7.21,0.16,0.43,-,-,정상
630,170,동구,510,초량1동,덕산정수장,정수장,6.70,0.12,1.04,-,-,정상
631,170,동구,510,초량1동,사상가압장(기설),가압장,7.10,0.10,0.69,257.33,27.45,정상
632,170,동구,510,초량1동,사상가압장(신설),가압장,7.13,0.10,0.73,239.27,28.95,정상
633,170,동구,510,초량1동,영주배수지,배수지,7.26,0.08,0.34,223.60,28.86,정상
634,170,동구,510,초량1동,개금1배수지,배수지,7.25,0.11,0.49,268.12,30.65,정상
635,140,서구,680,암남동,덕산정수장,정수장,6.70,0.12,1.04,-,-,정상
636,140,서구,680,암남동,사상가압장(기설),가압장,7.10,0.10,0.69,257.33,27.45,정상
637,140,서구,680,암남동,남부민배수지,배수지,7.29,0.07,0.33,329.13,29.90,정상
638,140,서구,680,암남동,감천배수지,배수지,7.03,0.08,0.38,255.50,29.07,정상
639,140,서구,670,남부민3동,덕산정수장,정수장,6.70,0.12,1.04,-,-,정상
640,140,서구,670,남부민3동,사상가압장(기설),가압장,7.10,0.10,0.69,257.33,27.45,정상
641,140,서구,670,남부민3동,복병산배수지,배수지,6.81,0.07,0.34,296.93,30.65,정상
642,140,서구,670,남부민3동,남부민배수지,배수지,7.29,0.07,0.33,329.13,29.90,정상
643,140,서구,660,남부민2동,덕산정수장,정수장,6.70,0.12,1.04,-,-,정상
644,140,서구,660,남부민2동,사상가압장(기설),가압장,7.10,0.10,0.69,257.33,27.45,정상
645,140,서구,660,남부민2동,남부민배수지,배수지,7.29,0.07,0.33,329.13,29.90,정상
646,140,서구,660,남부민2동,대티배수지,배수지,7.32,0.09,0.39,298.50,30.99,정상
647,140,서구,660,남부민2동,남부민2동,블록,7.01,0.10,0.40,-,-,정상
648,140,서구,650,남부민1동,덕산정수장,정수장,6.70,0.12,1.04,-,-,정상
649,140,서구,650,남부민1동,사상가압장(기설),가압장,7.10,0.10,0.69,257.33,27.45,정상
650,140,서구,650,남부민1동,복병산배수지,배수지,6.81,0.07,0.34,296.93,30.65,정상
651,140,서구,650,남부민1동,남부민배수지,배수지,7.29,0.07,0.33,329.13,29.90,정상
652,140,서구,650,남부민1동,대티배수지,배수지,7.32,0.09,0.39,298.50,30.99,정상
653,140,서구,650,남부민1동,남부민1동,블록,7.32,0.10,0.40,265.68,28.60,정상
654,140,서구,640,충무동,덕산정수장,정수장,6.70,0.12,1.04,-,-,정상
655,140,서구,640,충무동,사상가압장(기설),가압장,7.10,0.10,0.69,257.33,27.45,정상
656,140,서구,640,충무동,복병산배수지,배수지,6.81,0.07,0.34,296.93,30.65,정상
657,140,서구,630,초장동,덕산정수장,정수장,6.70,0.12,1.04,-,-,정상
658,140,서구,630,초장동,사상가압장(기설),가압장,7.10,0.10,0.69,257.33,27.45,정상
659,140,서구,630,초장동,남부민배수지,배수지,7.29,0.07,0.33,329.13,29.90,정상
660,140,서구,630,초장동,대티배수지,배수지,7.32,0.09,0.39,298.50,30.99,정상
661,140,서구,630,초장동,초장동,블록,7.32,0.10,0.40,265.68,28.60,정상
662,140,서구,615,아미동,덕산정수장,정수장,6.70,0.12,1.04,-,-,정상
663,140,서구,615,아미동,사상가압장(기설),가압장,7.10,0.10,0.69,257.33,27.45,정상
664,140,서구,615,아미동,대티배수지,배수지,7.32,0.09,0.39,298.50,30.99,정상
665,140,서구,615,아미동,아미배수지,배수지,7.45,0.22,0.44,331.66,30.25,정상
666,140,서구,615,아미동,대티2배수지,배수지,7.23,0.16,0.48,275.95,28.47,정상
667,140,서구,615,아미동,아미동,블록,7.53,0.11,0.36,296.80,28.77,정상
668,140,서구,590,부민동,덕산정수장,정수장,6.70,0.12,1.04,-,-,정상
669,140,서구,590,부민동,사상가압장(기설),가압장,7.10,0.10,0.69,257.33,27.45,정상
670,140,서구,590,부민동,대티배수지,배수지,7.32,0.09,0.39,298.50,30.99,정상
671,140,서구,570,서대신4동,덕산정수장,정수장,6.70,0.12,1.04,-,-,정상
672,140,서구,570,서대신4동,사상가압장(기설),가압장,7.10,0.10,0.69,257.33,27.45,정상
673,140,서구,570,서대신4동,사상가압장(신설),가압장,7.13,0.10,0.73,239.27,28.95,정상
674,140,서구,570,서대신4동,수정산터널배수지,배수지,7.21,0.16,0.43,-,-,정상
675,140,서구,570,서대신4동,구덕배수지,배수지,7.79,0.08,0.33,-,32.00,정상
676,140,서구,570,서대신4동,대티2배수지,배수지,7.23,0.16,0.48,275.95,28.47,정상
677,140,서구,570,서대신4동,꽃마을배수지,배수지,7.38,0.07,0.01,276.96,27.15,정상
678,140,서구,570,서대신4동,서대신4동,블록,7.61,0.10,0.28,334.46,29.42,정상
679,140,서구,560,서대신3동,덕산정수장,정수장,6.70,0.12,1.04,-,-,정상
680,140,서구,560,서대신3동,사상가압장(기설),가압장,7.10,0.10,0.69,257.33,27.45,정상
681,140,서구,560,서대신3동,사상가압장(신설),가압장,7.13,0.10,0.73,239.27,28.95,정상
682,140,서구,560,서대신3동,대티배수지,배수지,7.32,0.09,0.39,298.50,30.99,정상
683,140,서구,560,서대신3동,수정산터널배수지,배수지,7.21,0.16,0.43,-,-,정상
684,140,서구,560,서대신3동,대티2배수지,배수지,7.23,0.16,0.48,275.95,28.47,정상
685,140,서구,560,서대신3동,서대신3동,블록,7.17,0.08,0.28,219.86,29.42,정상
686,140,서구,540,서대신1동,덕산정수장,정수장,6.70,0.12,1.04,-,-,정상
687,140,서구,540,서대신1동,사상가압장(기설),가압장,7.10,0.10,0.69,257.33,27.45,정상
688,140,서구,540,서대신1동,대티배수지,배수지,7.32,0.09,0.39,298.50,30.99,정상
689,140,서구,540,서대신1동,대티2배수지,배수지,7.23,0.16,0.48,275.95,28.47,정상
690,140,서구,530,동대신3동,덕산정수장,정수장,6.70,0.12,1.04,-,-,정상
691,140,서구,530,동대신3동,사상가압장(기설),가압장,7.10,0.10,0.69,257.33,27.45,정상
692,140,서구,530,동대신3동,사상가압장(신설),가압장,7.13,0.10,0.73,239.27,28.95,정상
693,140,서구,530,동대신3동,수정산터널배수지,배수지,7.21,0.16,0.43,-,-,정상
694,140,서구,530,동대신3동,구덕배수지,배수지,7.79,0.08,0.33,-,32.00,정상
695,140,서구,530,동대신3동,동대신3동,블록,7.14,0.36,0.60,-,-,정상
696,140,서구,520,동대신2동,덕산정수장,정수장,6.70,0.12,1.04,-,-,정상
697,140,서구,520,동대신2동,사상가압장(기설),가압장,7.10,0.10,0.69,257.33,27.45,정상
698,140,서구,520,동대신2동,사상가압장(신설),가압장,7.13,0.10,0.73,239.27,28.95,정상
699,140,서구,520,동대신2동,구덕배수지,배수지,7.79,0.08,0.33,-,32.00,정상
700,140,서구,520,동대신2동,수정산터널배수지,배수지,7.21,0.16,0.43,-,-,정상
701,140,서구,520,동대신2동,동대신2동,블록,7.14,0.36,0.60,-,-,정상
702,140,서구,510,동대신1동,덕산정수장,정수장,6.70,0.12,1.04,-,-,정상
703,140,서구,510,동대신1동,사상가압장(기설),가압장,7.10,0.10,0.69,257.33,27.45,정상
704,140,서구,510,동대신1동,사상가압장(신설),가압장,7.13,0.10,0.73,239.27,28.95,정상
705,140,서구,510,동대신1동,수정산터널배수지,배수지,7.21,0.16,0.43,-,-,정상
706,110,중구,600,영주2동,덕산정수장,정수장,6.70,0.12,1.04,-,-,정상
707,110,중구,600,영주2동,사상가압장(신설),가압장,7.13,0.10,0.73,239.27,28.95,정상
708,110,중구,600,영주2동,수정산터널배수지,배수지,7.21,0.16,0.43,-,-,정상
709,110,중구,590,영주1동,덕산정수장,정수장,6.70,0.12,1.04,-,-,정상
710,110,중구,590,영주1동,사상가압장(기설),가압장,7.10,0.10,0.69,257.33,27.45,정상
711,110,중구,590,영주1동,사상가압장(신설),가압장,7.13,0.10,0.73,239.27,28.95,정상
712,110,중구,590,영주1동,복병산배수지,배수지,6.81,0.07,0.34,296.93,30.65,정상
713,110,중구,590,영주1동,개금1배수지,배수지,7.25,0.11,0.49,268.12,30.65,정상
714,110,중구,590,영주1동,수정산터널배수지,배수지,7.21,0.16,0.43,-,-,정상
715,110,중구,580,남포동,덕산정수장,정수장,6.70,0.12,1.04,-,-,정상
716,110,중구,580,남포동,사상가압장(기설),가압장,7.10,0.10,0.69,257.33,27.45,정상
717,110,중구,580,남포동,복병산배수지,배수지,6.81,0.07,0.34,296.93,30.65,정상
718,110,중구,570,광복동,덕산정수장,정수장,6.70,0.12,1.04,-,-,정상
719,110,중구,570,광복동,사상가압장(기설),가압장,7.10,0.10,0.69,257.33,27.45,정상
720,110,중구,570,광복동,복병산배수지,배수지,6.81,0.07,0.34,296.93,30.65,정상
721,110,중구,570,광복동,광복동,블록,6.96,0.11,0.44,-,-,정상
722,110,중구,560,부평동,덕산정수장,정수장,6.70,0.12,1.04,-,-,정상
723,110,중구,560,부평동,사상가압장(기설),가압장,7.10,0.10,0.69,257.33,27.45,정상
724,110,중구,560,부평동,복병산배수지,배수지,6.81,0.07,0.34,296.93,30.65,정상
725,110,중구,545,보수동,덕산정수장,정수장,6.70,0.12,1.04,-,-,정상
726,110,중구,545,보수동,사상가압장(기설),가압장,7.10,0.10,0.69,257.33,27.45,정상
727,110,중구,545,보수동,사상가압장(신설),가압장,7.13,0.10,0.73,239.27,28.95,정상
728,110,중구,545,보수동,복병산배수지,배수지,6.81,0.07,0.34,296.93,30.65,정상
729,110,중구,545,보수동,수정산터널배수지,배수지,7.21,0.16,0.43,-,-,정상
730,110,중구,530,대청동,덕산정수장,정수장,6.70,0.12,1.04,-,-,정상
731,110,중구,530,대청동,사상가압장(기설),가압장,7.10,0.10,0.69,257.33,27.45,정상
732,110,중구,530,대청동,사상가압장(신설),가압장,7.13,0.10,0.73,239.27,28.95,정상
733,110,중구,530,대청동,복병산배수지,배수지,6.81,0.07,0.34,296.93,30.65,정상
734,110,중구,530,대청동,수정산터널배수지,배수지,7.21,0.16,0.43,-,-,정상
735,110,중구,530,대청동,대청동,블록,7.28,0.11,0.48,370.00,29.60,정상
736,110,중구,520,동광동,덕산정수장,정수장,6.70,0.12,1.04,-,-,정상
737,110,중구,520,동광동,사상가압장(기설),가압장,7.10,0.10,0.69,257.33,27.45,정상
738,110,중구,520,동광동,사상가압장(신설),가압장,7.13,0.10,0.73,239.27,28.95,정상
739,110,중구,520,동광동,복병산배수지,배수지,6.81,0.07,0.34,296.93,30.65,정상
740,110,중구,520,동광동,수정산터널배수지,배수지,7.21,0.16,0.43,-,-,정상
741,110,중구,510,중앙동,덕산정수장,정수장,6.70,0.12,1.04,-,-,정상
742,110,중구,510,중앙동,사상가압장(기설),가압장,7.10,0.10,0.69,257.33,27.45,정상
743,110,중구,510,중앙동,복병산배수지,배수지,6.81,0.07,0.34,296.93,30.65,정상
744,110,중구,510,중앙동,영주배수지,배수지,7.26,0.08,0.34,223.60,28.86,정상
